{
  "slug":          "admin_access_restriction",
  "properties":    {
    "slug":                  "admin_access_restriction",
    "name":                  "Security Admin",
    "namespace":             "SecurityAdmin",
    "load_priority":         11,
    "sidebar_name":          "Security Admin",
    "show_module_menu_item": false,
    "show_module_options":   true,
    "storage_key":           "admin_access_restriction",
    "tagline":               "Security admin allows you to restrict access to the security plugin itself.",
    "show_central":          true,
    "access_restricted":     true,
    "premium":               false,
    "run_if_whitelisted":    true,
    "run_if_verified_bot":   true,
    "run_if_wpcli":          false,
    "order":                 20
  },
  "menus":         {
    "config_menu_priority": 15
  },
  "wpcli":         {
    "enabled":  true,
    "cmd_base": "secadmin"
  },
  "admin_notices": {
    "certain-options-restricted": {
      "id":           "certain-options-restricted",
      "schedule":     "conditions",
      "plugin_admin": "no",
      "per_user":     true,
      "type":         "warning"
    },
    "admin-users-restricted":     {
      "id":           "admin-users-restricted",
      "schedule":     "conditions",
      "plugin_admin": "no",
      "type":         "warning",
      "per_user":     true
    }
  },
  "sections":      [
    {
      "slug":        "section_security_admin_settings",
      "primary":     true,
      "title":       "Security Admin Restriction Settings",
      "title_short": "Security Admin Settings",
      "beacon_id":   215,
      "summary":     [
        "Purpose - Restrict access using a simple Access PIN.",
        "Recommendation - Use of this feature is highly recommend."
      ]
    },
    {
      "slug":        "section_admin_access_restriction_areas",
      "title":       "Security Admin Restriction Zones",
      "title_short": "Access Restriction Zones",
      "beacon_id":   214,
      "summary":     [
        "Purpose - Restricts access to key WordPress areas for all users not authenticated with the Security Admin Access system.",
        "Recommendation - Use of this feature is highly recommend."
      ]
    },
    {
      "slug":        "section_whitelabel",
      "title":       "Shield White Label",
      "title_short": "White Label",
      "beacon_id":   131,
      "summary":     [
        "Purpose - Rename and re-brand the Shield Security plugin for your client site installations."
      ]
    },
    {
      "slug":        "section_enable_plugin_feature_admin_access_restriction",
      "title":       "Enable Module: WordPress Security Admin",
      "title_short": "Disable Module",
      "beacon_id":   213,
      "summary":     [
        "Purpose - Restricts access to this plugin preventing unauthorized changes to your security settings.",
        "Recommendation - Keep the Security Admin feature turned on.",
        "You need to also enter a new Access PIN to enable this feature."
      ]
    },
    {
      "slug":   "section_non_ui",
      "hidden": true
    }
  ],
  "options":       [
    {
      "key":         "enable_admin_access_restriction",
      "section":     "section_enable_plugin_feature_admin_access_restriction",
      "advanced":    true,
      "default":     "Y",
      "type":        "checkbox",
      "link_info":   "https://shsec.io/40",
      "link_blog":   "https://shsec.io/wpsf02",
      "name":        "Enable Security Admin",
      "summary":     "Enforce Security Admin Access Restriction",
      "description": "Enable this with great care and consideration. When this Access PIN option is enabled, you must specify a key below and use it to gain access to this plugin."
    },
    {
      "key":         "admin_access_key",
      "section":     "section_security_admin_settings",
      "sensitive":   true,
      "default":     "",
      "type":        "password",
      "link_info":   "https://shsec.io/42",
      "link_blog":   "",
      "beacon_id":   215,
      "name":        "Security Admin Access PIN",
      "summary":     "Provide/Update Security Admin Access PIN",
      "description": "Careful: If you forget this, you could potentially lock yourself out from using this plugin."
    },
    {
      "key":         "sec_admin_users",
      "section":     "section_security_admin_settings",
      "advanced":    true,
      "sensitive":   true,
      "premium":     true,
      "default":     [],
      "type":        "array",
      "link_info":   "https://shsec.io/dk",
      "link_blog":   "",
      "beacon_id":   132,
      "name":        "Security Admins",
      "summary":     "Persistent Security Admins",
      "description": "All emails, usernames, or user IDs entered here will always be Security Admins."
    },
    {
      "key":         "admin_access_timeout",
      "section":     "section_security_admin_settings",
      "advanced":    true,
      "type":        "integer",
      "default":     30,
      "min":         1,
      "link_info":   "https://shsec.io/41",
      "link_blog":   "",
      "beacon_id":   387,
      "name":        "Security Admin Timeout",
      "summary":     "Specify An Automatic Timeout Interval For Security Admin Access",
      "description": "This will automatically expire your Security Admin Session. Does not apply until you enter the access PIN again. Default: 60 minutes."
    },
    {
      "key":         "allow_email_override",
      "section":     "section_security_admin_settings",
      "advanced":    true,
      "default":     "Y",
      "type":        "checkbox",
      "link_info":   "https://shsec.io/gf",
      "link_blog":   "",
      "beacon_id":   385,
      "name":        "Allow Email Override",
      "summary":     "Allow Email Override Of Admin Access Restrictions",
      "description": "Allow the use of verification emails to override and switch off the Security Admin restrictions."
    },
    {
      "key":         "enable_mu",
      "section":     "section_security_admin_settings",
      "advanced":    true,
      "premium":     true,
      "default":     "N",
      "type":        "checkbox",
      "link_info":   "https://shsec.io/i1",
      "link_blog":   "https://shsec.io/i2",
      "beacon_id":   460,
      "name":        "Run In MU Mode",
      "summary":     "Run Plugin In Must-Use (MU) Mode",
      "description": "Setup the plugin to run as an MU-plugin to prevent accidental deactivation."
    },
    {
      "key":         "admin_access_restrict_options",
      "section":     "section_admin_access_restriction_areas",
      "default":     "Y",
      "type":        "checkbox",
      "link_info":   "https://shsec.io/a0",
      "link_blog":   "https://shsec.io/wpsf32",
      "beacon_id":   214,
      "name":        "WordPress Options",
      "summary":     "Restrict Access To Certain WordPress Admin Options",
      "description": "Careful: This will restrict the ability of WordPress administrators from changing key WordPress settings."
    },
    {
      "key":         "admin_access_restrict_admin_users",
      "section":     "section_admin_access_restriction_areas",
      "advanced":    true,
      "default":     "N",
      "type":        "checkbox",
      "link_info":   "https://shsec.io/a0",
      "link_blog":   "",
      "beacon_id":   214,
      "name":        "Admin Users",
      "summary":     "Restrict Access To Create/Delete/Modify Other Admin Users",
      "description": "Careful: This will restrict the ability of WordPress administrators from creating, modifying or promoting other administrators."
    },
    {
      "key":           "admin_access_restrict_plugins",
      "section":       "section_admin_access_restriction_areas",
      "advanced":      true,
      "type":          "multiple_select",
      "default":       [],
      "value_options": [
        {
          "value_key": "activate_plugins",
          "text":      "Activate"
        },
        {
          "value_key": "install_plugins",
          "text":      "Install"
        },
        {
          "value_key": "update_plugins",
          "text":      "Update"
        },
        {
          "value_key": "delete_plugins",
          "text":      "Delete"
        }
      ],
      "link_info":     "https://shsec.io/a0",
      "link_blog":     "https://shsec.io/wpsf21",
      "beacon_id":     214,
      "summary":       "Restrict Access To Key WordPress Plugin Actions",
      "description":   "Careful: This will restrict access to plugin installation, update, activation and deletion. Note: Selecting 'Activate' will also restrict all other options."
    },
    {
      "key":           "admin_access_restrict_themes",
      "section":       "section_admin_access_restriction_areas",
      "advanced":      true,
      "type":          "multiple_select",
      "default":       [],
      "value_options": [
        {
          "value_key": "switch_themes",
          "text":      "Activate"
        },
        {
          "value_key": "edit_theme_options",
          "text":      "Edit Theme Options"
        },
        {
          "value_key": "install_themes",
          "text":      "Install"
        },
        {
          "value_key": "update_themes",
          "text":      "Update"
        },
        {
          "value_key": "delete_themes",
          "text":      "Delete"
        }
      ],
      "link_info":     "https://shsec.io/a0",
      "link_blog":     "https://shsec.io/wpsf21",
      "beacon_id":     214,
      "summary":       "Restrict Access To WordPress Theme Actions",
      "description":   "Careful: This will restrict access to theme installation, update, activation and deletion."
    },
    {
      "key":           "admin_access_restrict_posts",
      "section":       "section_admin_access_restriction_areas",
      "advanced":      true,
      "type":          "multiple_select",
      "default":       [],
      "value_options": [
        {
          "value_key": "edit",
          "text":      "Create/Edit"
        },
        {
          "value_key": "publish",
          "text":      "Publish"
        },
        {
          "value_key": "delete",
          "text":      "Delete"
        }
      ],
      "link_info":     "https://shsec.io/a0",
      "link_blog":     "https://shsec.io/wpsf21",
      "beacon_id":     214,
      "summary":       "Restrict Access To Key WordPress Posts And Pages Actions",
      "description":   "Careful: This will restrict access to page/post creation, editing and deletion."
    },
    {
      "key":         "whitelabel_enable",
      "section":     "section_whitelabel",
      "premium":     true,
      "default":     "N",
      "type":        "checkbox",
      "link_info":   "https://shsec.io/dr",
      "link_blog":   "https://shsec.io/ds",
      "beacon_id":   131,
      "name":        "Enable White Label",
      "summary":     "Activate Your White Label Settings",
      "description": "Use this option to turn on/off the whole White Label feature."
    },
    {
      "key":         "wl_hide_updates",
      "section":     "section_whitelabel",
      "default":     "Y",
      "type":        "checkbox",
      "link_info":   "",
      "link_blog":   "",
      "name":        "Hide Updates",
      "summary":     "Hide Available Updates From Non Security Admins",
      "description": "Hides the availability of Shield updates from non-security admins."
    },
    {
      "key":         "wl_replace_badge_url",
      "section":     "section_whitelabel",
      "default":     "N",
      "type":        "checkbox",
      "link_info":   "",
      "link_blog":   "",
      "name":        "Replace Plugin Badge",
      "summary":     "Replace Plugin Badge URL and Images",
      "description": "When using the plugin badge, replace the URL and link with your Whitelabel settings."
    },
    {
      "key":         "wl_pluginnamemain",
      "section":     "section_whitelabel",
      "sensitive":   true,
      "default":     "Shield",
      "type":        "text",
      "link_info":   "https://shsec.io/dt",
      "link_blog":   "",
      "beacon_id":   216,
      "name":        "Plugin Name",
      "summary":     "The Name Of The Plugin",
      "description": "The Name Of The Plugin."
    },
    {
      "key":         "wl_namemenu",
      "section":     "section_whitelabel",
      "sensitive":   true,
      "default":     "Shield Security",
      "type":        "text",
      "link_info":   "",
      "link_blog":   "",
      "name":        "Menu Title",
      "summary":     "The Main Menu Title Of The Plugin",
      "description": "The Main Menu Title Of The Plugin. If left empty, the Plugin Name will be used."
    },
    {
      "key":         "wl_companyname",
      "section":     "section_whitelabel",
      "sensitive":   true,
      "default":     "Example Company Name",
      "type":        "text",
      "link_info":   "https://shsec.io/dt",
      "link_blog":   "",
      "beacon_id":   216,
      "name":        "Company Name",
      "summary":     "The Name Of Your Company",
      "description": "Provide the name of your company."
    },
    {
      "key":         "wl_description",
      "section":     "section_whitelabel",
      "sensitive":   true,
      "default":     "Secure Your Sites With The World's Most Powerful WordPress Security Plugin",
      "type":        "text",
      "link_info":   "",
      "link_blog":   "",
      "name":        "Plugin Tag Line",
      "summary":     "The Tag Line Of The Plugin",
      "description": "The Tag Line Of The Plugin."
    },
    {
      "key":         "wl_homeurl",
      "section":     "section_whitelabel",
      "sensitive":   true,
      "default":     "https://shsec.io/7f",
      "type":        "text",
      "link_info":   "",
      "link_blog":   "",
      "name":        "Home URL",
      "summary":     "Plugin Home Page URL",
      "description": "When a user clicks the home link for this plugin, this is where they'll be directed."
    },
    {
      "key":         "wl_menuiconurl",
      "section":     "section_whitelabel",
      "sensitive":   true,
      "default":     "pluginlogo_16x16.png",
      "type":        "text",
      "link_info":   "https://shsec.io/dt",
      "link_blog":   "",
      "beacon_id":   216,
      "name":        "Menu Icon",
      "summary":     "Menu Icon URL",
      "description": "The URL of the icon displayed in the menu."
    },
    {
      "key":         "wl_dashboardlogourl",
      "section":     "section_whitelabel",
      "sensitive":   true,
      "default":     "pluginlogo_128x128.png",
      "type":        "text",
      "link_info":   "",
      "link_blog":   "",
      "beacon_id":   216,
      "name":        "Plugin Badge Logo",
      "summary":     "Plugin Badge Logo URL",
      "description": "The URL of the logo displayed in the main dashboard. Should be 128x128px"
    },
    {
      "key":         "wl_login2fa_logourl",
      "section":     "section_whitelabel",
      "sensitive":   true,
      "default":     "pluginlogo_banner-772x250.png",
      "type":        "text",
      "link_info":   "https://shsec.io/dt",
      "link_blog":   "",
      "name":        "Dashboard and 2FA Logo",
      "summary":     "Dashboard and 2FA Logo URL",
      "description": "The URL of the logo displayed in the main dashboard. Should be 128x128px"
    }
  ],
  "definitions":   {
    "restricted_pages_users": [
      "user-edit.php",
      "users.php"
    ],
    "events":                 {
      "key_success":          {
        "level":  "debug",
        "recent": true
      },
      "key_fail":             {
        "level":   "warning",
        "recent":  true,
        "offense": true
      },
      "attempt_deactivation": {
        "level":   "warning",
        "offense": true
      }
    },
    "options_to_restrict":    {
      "wpms_options": [
        "admin_email",
        "site_name",
        "registration"
      ],
      "wpms_pages":   [
        "settings.php"
      ],
      "wp_options":   [
        "blogname",
        "blogdescription",
        "siteurl",
        "home",
        "admin_email",
        "new_admin_email",
        "users_can_register",
        "comments_notify",
        "comment_moderation",
        "blog_public"
      ],
      "wp_pages":     [
        "options-general.php",
        "options-discussion.php",
        "options-reading.php",
        "options.php"
      ]
    }
  }
}