{
  "slug":          "comments_filter",
  "properties":    {
    "slug":                  "comments_filter",
    "storage_key":           "commentsfilter",
    "load_priority":         100,
    "name":                  "Comments SPAM",
    "sidebar_name":          "SPAM",
    "show_module_menu_item": false,
    "show_module_options":   true,
    "tagline":               "Block comment SPAM while retaining your privacy",
    "show_central":          true,
    "access_restricted":     true,
    "premium":               false,
    "run_if_whitelisted":    false,
    "run_if_verified_bot":   false,
    "run_if_wpcli":          false,
    "order":                 50
  },
  "reqs":          {
    "dbs": [
      "botsignal"
    ]
  },
  "menus":         {
    "config_menu_priority": 40
  },
  "wpcli":         {
    "enabled": true
  },
  "admin_notices": {
    "akismet-running": {
      "id":               "akismet-running",
      "plugin_admin":     "yes",
      "plugin_page_only": true,
      "type":             "warning"
    }
  },
  "sections":      [
    {
      "primary":     true,
      "slug":        "section_bot_comment_spam_protection_filter",
      "title":       "Automatic Bot Comment SPAM Protection Filter",
      "title_short": "Bot SPAM",
      "beacon_id":   260,
      "summary":     [
        "Purpose - Blocks 100% of all automated bot-generated comment SPAM.",
        "Recommendation - Use of this feature is highly recommend."
      ]
    },
    {
      "slug":        "section_human_spam_filter",
      "title":       "Human Comment SPAM Protection",
      "title_short": "Human SPAM",
      "beacon_id":   262,
      "summary":     [
        "Purpose - Uses a 3rd party SPAM dictionary to detect human-based comment SPAM.",
        "Recommendation - Use of this feature is highly recommend.This tool, unlike other SPAM tools such as Akismet, will not send your comment data to 3rd party services for analysis."
      ]
    },
    {
      "slug":        "section_bot_comment_spam_common",
      "title":       "Common Settings For All SPAM Scanning",
      "title_short": "Common Settings",
      "beacon_id":   152,
      "summary":     [
        "Purpose - Settings that apply to all comment SPAM scanning."
      ]
    },
    {
      "slug":        "section_enable_plugin_feature_spam_comments_protection_filter",
      "title":       "Enable Module: Comments SPAM Protection",
      "title_short": "Disable Module",
      "beacon_id":   257,
      "summary":     [
        "Purpose - The Comments Filter can block 100% of automated spam bots and also offer the option to analyse human-generated spam.",
        "Recommendation - Keep the Comments Filter feature turned on."
      ]
    },
    {
      "slug":   "section_non_ui",
      "hidden": true
    }
  ],
  "options":       [
    {
      "key":         "enable_comments_filter",
      "section":     "section_enable_plugin_feature_spam_comments_protection_filter",
      "advanced":    true,
      "default":     "Y",
      "type":        "checkbox",
      "link_info":   "https://shsec.io/3z",
      "link_blog":   "https://shsec.io/wpsf04",
      "beacon_id":   257,
      "name":        "Enable SPAM Protection",
      "summary":     "Enable (or Disable) The Comments SPAM Protection module",
      "description": "Un-Checking this option will completely disable the Comments SPAM Protection module"
    },
    {
      "key":         "trusted_commenter_minimum",
      "section":     "section_bot_comment_spam_common",
      "type":        "integer",
      "default":     1,
      "min":         1,
      "link_info":   "https://shsec.io/fu",
      "link_blog":   "",
      "beacon_id":   152,
      "name":        "Trusted Commenter Minimum",
      "summary":     "Minimum Number Of Approved Comments Before Commenter Is Trusted",
      "description": "Specify how many approved comments must exist before a commenter is trusted and their comments are no longer scanned."
    },
    {
      "key":         "trusted_user_roles",
      "section":     "section_bot_comment_spam_common",
      "premium":     true,
      "default":     [
        "administrator",
        "editor",
        "author",
        "contributor",
        "subscriber"
      ],
      "type":        "array",
      "link_info":   "https://shsec.io/fu",
      "link_blog":   "",
      "beacon_id":   152,
      "name":        "Trusted Users",
      "summary":     "Don't Scan Comments For Users With The Following Roles",
      "description": "Shield doesn't normally scan comments from logged-in or registered users. Specify user roles here that shouldn't be scanned."
    },
    {
      "key":         "enable_antibot_comments",
      "section":     "section_bot_comment_spam_protection_filter",
      "default":     "N",
      "type":        "checkbox",
      "link_info":   "https://shsec.io/k1",
      "link_blog":   "https://shsec.io/jo",
      "beacon_id":   427,
      "name":        "AntiBot Detection Technology",
      "summary":     "Use Shield's Unique AntiBot Detection Technology",
      "description": "Use Shield's AntiBot Detection Engine To Detect and Block SPAM Bots."
    },
    {
      "key":           "comments_default_action_spam_bot",
      "section":       "section_bot_comment_spam_protection_filter",
      "default":       "spam",
      "type":          "select",
      "value_options": [
        {
          "value_key": "0",
          "text":      "Move To Pending Moderation"
        },
        {
          "value_key": "spam",
          "text":      "Move To SPAM"
        },
        {
          "value_key": "trash",
          "text":      "Move To Trash"
        },
        {
          "value_key": "reject",
          "text":      "Block And Redirect"
        }
      ],
      "link_info":     "https://shsec.io/6j",
      "link_blog":     "",
      "beacon_id":     260,
      "name":          "SPAM Action",
      "summary":       "How To Categorise Comments When Identified To Be SPAM",
      "description":   "When a comment is detected as being SPAM from an automatic bot, the comment will be categorised based on this setting."
    },
    {
      "key":         "enable_comments_human_spam_filter",
      "section":     "section_human_spam_filter",
      "default":     "N",
      "type":        "checkbox",
      "link_info":   "https://shsec.io/57",
      "link_blog":   "https://shsec.io/9w",
      "beacon_id":   262,
      "name":        "Human SPAM Filter",
      "summary":     "Enable (or Disable) The Human SPAM Filter module",
      "description": "Scans the content of WordPress comments for keywords that are indicative of SPAM and marks the comment according to your preferred setting below."
    },
    {
      "key":           "comments_default_action_human_spam",
      "section":       "section_human_spam_filter",
      "default":       "0",
      "type":          "select",
      "value_options": [
        {
          "value_key": "0",
          "text":      "Move To Pending Moderation"
        },
        {
          "value_key": "spam",
          "text":      "Move To SPAM"
        },
        {
          "value_key": "trash",
          "text":      "Move To Trash"
        },
        {
          "value_key": "reject",
          "text":      "Block And Redirect"
        }
      ],
      "name":          "SPAM Action",
      "summary":       "How To Categorise Comments When Identified To Be SPAM'",
      "description":   "When a comment is detected as being SPAM from a human commenter, the comment will be categorised based on this setting."
    },
    {
      "key":     "human_spam_items",
      "section": "section_non_ui",
      "type":    "array",
      "default": [
        "author_name",
        "author_email",
        "comment_content",
        "url",
        "ip_address",
        "user_agent"
      ]
    }
  ],
  "definitions":   {
    "url_spam_blacklist_terms": "https://raw.githubusercontent.com/splorp/wordpress-comment-blacklist/master/blacklist.txt",
    "events":                   {
      "comment_spam_block":        {
        "level":   "notice",
        "stat":    false,
        "offense": true
      },
      "spam_block_antibot":        {
      },
      "spam_block_bot":            {
      },
      "spam_block_recaptcha":      {
      },
      "spam_block_human":          {
        "audit_params": [
          "word",
          "key"
        ]
      },
      "spam_block_humanrepeated": {
      }
    }
  }
}