{
  "slug":       "email",
  "properties": {
    "slug":                  "email",
    "load_priority":         100,
    "name":                  "Email",
    "show_module_menu_item": false,
    "auto_enabled":          true,
    "storage_key":           "email",
    "show_central":          false,
    "premium":               false,
    "access_restricted":     true,
    "run_if_whitelisted":    true,
    "run_if_wpcli":          true,
    "skip_processor":        true,
    "tracking_exclude":      true
  },
  "wpcli":      {
    "enabled": false
  },
  "sections":   [
  ],
  "options":    [
  ]
}