{
  "slug":       "insights",
  "properties": {
    "slug":                  "insights",
    "load_priority":         2,
    "menu_priority":         5,
    "name":                  "Dashboard",
    "menu_title":            "Security Dashboard",
    "show_module_menu_item": true,
    "show_module_options":   false,
    "auto_enabled":          true,
    "storage_key":           "insights",
    "show_central":          false,
    "premium":               false,
    "access_restricted":     true,
    "run_if_whitelisted":    true,
    "run_if_verified_bot":   false,
    "run_if_wpcli":          false,
    "skip_processor":        true,
    "tracking_exclude":      true
  },
  "wpcli":      {
    "enabled": false
  },
  "sections":   [
  ],
  "options":    [
  ]
}