{
  "slug":        "integrations",
  "properties":  {
    "slug":                  "integrations",
    "storage_key":           "integrations",
    "load_priority":         20,
    "name":                  "Integrations",
    "menu_title":            "Integrations",
    "sidebar_name":          "Integrations",
    "show_module_options":   true,
    "show_module_menu_item": false,
    "auto_enabled":          false,
    "show_central":          true,
    "premium":               false,
    "access_restricted":     true,
    "run_if_whitelisted":    true,
    "run_if_wpcli":          true,
    "run_if_verified_bot":   true,
    "skip_processor":        false,
    "tracking_exclude":      false
  },
  "reqs":        {
    "dbs": [
      "botsignal",
      "ips"
    ]
  },
  "menus":       {
    "config_menu_priority": 50
  },
  "wpcli":       {
    "enabled": true
  },
  "sections":    [
    {
      "slug":        "section_integrations",
      "primary":     true,
      "title":       "Integrations",
      "title_short": "Integrations",
      "beacon_id":   404
    },
    {
      "slug":        "section_spam",
      "title":       "SPAM Detection",
      "title_short": "SPAM Detection",
      "beacon_id":   138
    },
    {
      "slug":        "section_user_forms",
      "title":       "User Forms Bot Detection",
      "title_short": "User Forms Bot Detection",
      "beacon_id":   239
    },
    {
      "slug":   "section_non_ui",
      "hidden": true
    }
  ],
  "options":     [
    {
      "key":         "enable_mainwp",
      "section":     "section_integrations",
      "premium":     true,
      "cap":         "mainwp_level_1",
      "default":     "N",
      "type":        "checkbox",
      "link_info":   "https://shsec.io/ir",
      "link_blog":   "https://shsec.io/ke",
      "beacon_id":   404,
      "name":        "Enable MainWP",
      "summary":     "Enable The Built-In MainWP Extension",
      "description": "This option will enable Shield's built-in MainWP extension for both server and client."
    },
    {
      "key":           "form_spam_providers",
      "section":       "section_spam",
      "premium":       true,
      "advanced":      true,
      "type":          "multiple_select",
      "default":       [],
      "value_options": [
        {
          "value_key": "calderaforms",
          "text":      "Caldera Forms (beta)",
          "cap":       "thirdparty_scan_spam"
        },
        {
          "value_key": "contactform7",
          "text":      "Contact Form 7",
          "cap":       "thirdparty_scan_spam"
        },
        {
          "value_key": "elementorpro",
          "text":      "Elementor Pro",
          "cap":       "thirdparty_scan_spam"
        },
        {
          "value_key": "fluentforms",
          "text":      "Fluent Forms",
          "cap":       "thirdparty_scan_spam"
        },
        {
          "value_key": "formidableforms",
          "text":      "Formidable Forms",
          "cap":       "thirdparty_scan_spam"
        },
        {
          "value_key": "forminator",
          "text":      "Forminator",
          "cap":       "thirdparty_scan_spam"
        },
        {
          "value_key": "gravityforms",
          "text":      "Gravity Forms",
          "cap":       "thirdparty_scan_spam"
        },
        {
          "value_key": "groundhogg",
          "text":      "Groundhogg",
          "cap":       "thirdparty_scan_spam"
        },
        {
          "value_key": "happyforms",
          "text":      "HappyForms",
          "cap":       "thirdparty_scan_spam"
        },
        {
          "value_key": "kaliforms",
          "text":      "Kali Forms",
          "cap":       "thirdparty_scan_spam"
        },
        {
          "value_key": "ninjaforms",
          "text":      "Ninja Forms",
          "cap":       "thirdparty_scan_spam"
        },
        {
          "value_key": "superforms",
          "text":      "Super Forms",
          "cap":       "thirdparty_scan_spam"
        },
        {
          "value_key": "supportcandy",
          "text":      "Support Candy",
          "cap":       "thirdparty_scan_spam"
        },
        {
          "value_key": "weforms",
          "text":      "WeForms",
          "cap":       "thirdparty_scan_spam"
        },
        {
          "value_key": "wpforms",
          "text":      "WP Forms",
          "cap":       "thirdparty_scan_spam"
        },
        {
          "value_key": "wpforo",
          "text":      "wpForo",
          "cap":       "thirdparty_scan_spam"
        }
      ],
      "link_info":     "https://shsec.io/k2",
      "link_blog":     "https://shsec.io/k3",
      "beacon_id":     138,
      "name":          "SPAM Form Checking",
      "summary":       "Select The Form Providers That Should Be Checked For SPAM",
      "description":   "Select The Form Providers That Should Be Checked For SPAM."
    },
    {
      "key":           "user_form_providers",
      "section":       "section_user_forms",
      "advanced":      true,
      "type":          "multiple_select",
      "default":       [
        "wordpress"
      ],
      "value_options": [
        {
          "value_key": "wordpress",
          "text":      "WordPress"
        },
        {
          "value_key": "buddyboss",
          "text":      "BuddyBoss",
          "cap":       "thirdparty_scan_users"
        },
        {
          "value_key": "buddypress",
          "text":      "BuddyPress",
          "cap":       "thirdparty_scan_users"
        },
        {
          "value_key": "easydigitaldownloads",
          "text":      "Easy Digital Downloads",
          "cap":       "thirdparty_scan_users"
        },
        {
          "value_key": "classifiedlisting",
          "text":      "Classified Listing",
          "cap":       "thirdparty_scan_users"
        },
        {
          "value_key": "learnpress",
          "text":      "LearnPress",
          "cap":       "thirdparty_scan_users"
        },
        {
          "value_key": "lifterlms",
          "text":      "LifterLMS",
          "cap":       "thirdparty_scan_users"
        },
        {
          "value_key": "memberpress",
          "text":      "MemberPress",
          "cap":       "thirdparty_scan_users"
        },
        {
          "value_key": "paidmembersubscriptions",
          "text":      "Paid Member Subscriptions",
          "cap":       "thirdparty_scan_users"
        },
        {
          "value_key": "profilebuilder",
          "text":      "Profile Builder",
          "cap":       "thirdparty_scan_users"
        },
        {
          "value_key": "profilepress",
          "text":      "ProfilePress",
          "cap":       "thirdparty_scan_users"
        },
        {
          "value_key": "restrictcontentpro",
          "text":      "Restrict Content Pro",
          "cap":       "thirdparty_scan_users"
        },
        {
          "value_key": "ultimatemember",
          "text":      "Ultimate Member",
          "cap":       "thirdparty_scan_users"
        },
        {
          "value_key": "woocommerce",
          "text":      "WooCommerce",
          "cap":       "thirdparty_scan_users"
        },
        {
          "value_key": "wpmembers",
          "text":      "WP Members",
          "cap":       "thirdparty_scan_users"
        }
      ],
      "link_info":     "https://shsec.io/k4",
      "link_blog":     "https://shsec.io/k3",
      "beacon_id":     239,
      "name":          "User Form Checking",
      "summary":       "Select The User Form Providers That Should Be Checked For SPAM Registrations and Logins",
      "description":   "Select The User Form Providers That Should Be Checked For SPAM Registrations and Logins"
    }
  ],
  "definitions": {
    "events": {
      "spam_form_pass":     {
        "audit_params": [
          "form_provider"
        ],
        "level":        "info",
        "stat":         true,
        "audit":        true,
        "offense":      false
      },
      "spam_form_fail":     {
        "audit_params": [
          "form_provider"
        ],
        "level":        "warning",
        "stat":         true,
        "audit":        true,
        "offense":      false
      },
      "user_form_bot_pass": {
        "audit_params": [
          "form_provider",
          "action",
          "username"
        ],
        "level":        "info",
        "stat":         true,
        "audit":        true,
        "offense":      false
      },
      "user_form_bot_fail": {
        "audit_params": [
          "form_provider",
          "action",
          "username"
        ],
        "level":        "warning",
        "stat":         true,
        "audit":        true,
        "offense":      true
      }
    }
  }
}