{
  "properties":  {
    "slug":                  "sessions",
    "load_priority":         5,
    "name":                  "Sessions",
    "show_module_menu_item": false,
    "storage_key":           "sessions",
    "tagline":               "User Sessions",
    "auto_enabled":          true,
    "show_central":          false,
    "premium":               false,
    "access_restricted":     true,
    "auto_load_processor":   true,
    "run_if_whitelisted":    true,
    "run_if_verified_bot":   true,
    "run_if_wpcli":          false,
    "tracking_exclude":      true
  },
  "wpcli":       {
    "enabled": false
  },
  "sections":    [
  ],
  "options":     [
  ],
  "definitions": {
  }
}