{
  "female_names": {
    "mary": 1,
    "patricia": 2,
    "linda": 3,
    "barbara": 4,
    "elizabeth": 5,
    "jennifer": 6,
    "maria": 7,
    "susan": 8,
    "margaret": 9,
    "dorothy": 10,
    "lisa": 11,
    "nancy": 12,
    "karen": 13,
    "betty": 14,
    "helen": 15,
    "sandra": 16,
    "donna": 17,
    "carol": 18,
    "ruth": 19,
    "sharon": 20,
    "michelle": 21,
    "laura": 22,
    "sarah": 23,
    "kimberly": 24,
    "deborah": 25,
    "jessica": 26,
    "shirley": 27,
    "cynthia": 28,
    "angela": 29,
    "melissa": 30,
    "brenda": 31,
    "amy": 32,
    "anna": 33,
    "rebecca": 34,
    "virginia": 35,
    "kathleen": 36,
    "pamela": 37,
    "martha": 38,
    "debra": 39,
    "amanda": 40,
    "stephanie": 41,
    "carolyn": 42,
    "christine": 43,
    "marie": 44,
    "janet": 45,
    "catherine": 46,
    "frances": 47,
    "ann": 48,
    "joyce": 49,
    "diane": 50,
    "alice": 51,
    "julie": 52,
    "heather": 53,
    "teresa": 54,
    "doris": 55,
    "gloria": 56,
    "evelyn": 57,
    "jean": 58,
    "cheryl": 59,
    "mildred": 60,
    "katherine": 61,
    "joan": 62,
    "ashley": 63,
    "judith": 64,
    "rose": 65,
    "janice": 66,
    "kelly": 67,
    "nicole": 68,
    "judy": 69,
    "christina": 70,
    "kathy": 71,
    "theresa": 72,
    "beverly": 73,
    "denise": 74,
    "tammy": 75,
    "irene": 76,
    "jane": 77,
    "lori": 78,
    "rachel": 79,
    "marilyn": 80,
    "andrea": 81,
    "kathryn": 82,
    "louise": 83,
    "sara": 84,
    "anne": 85,
    "jacqueline": 86,
    "wanda": 87,
    "bonnie": 88,
    "julia": 89,
    "ruby": 90,
    "lois": 91,
    "tina": 92,
    "phyllis": 93,
    "norma": 94,
    "paula": 95,
    "diana": 96,
    "annie": 97,
    "lillian": 98,
    "emily": 99,
    "robin": 100,
    "peggy": 101,
    "crystal": 102,
    "gladys": 103,
    "rita": 104,
    "dawn": 105,
    "connie": 106,
    "florence": 107,
    "tracy": 108,
    "edna": 109,
    "tiffany": 110,
    "carmen": 111,
    "rosa": 112,
    "cindy": 113,
    "grace": 114,
    "wendy": 115,
    "victoria": 116,
    "edith": 117,
    "kim": 118,
    "sherry": 119,
    "sylvia": 120,
    "josephine": 121,
    "thelma": 122,
    "shannon": 123,
    "sheila": 124,
    "ethel": 125,
    "ellen": 126,
    "elaine": 127,
    "marjorie": 128,
    "carrie": 129,
    "charlotte": 130,
    "monica": 131,
    "esther": 132,
    "pauline": 133,
    "emma": 134,
    "juanita": 135,
    "anita": 136,
    "rhonda": 137,
    "hazel": 138,
    "amber": 139,
    "eva": 140,
    "debbie": 141,
    "april": 142,
    "leslie": 143,
    "clara": 144,
    "lucille": 145,
    "jamie": 146,
    "joanne": 147,
    "eleanor": 148,
    "valerie": 149,
    "danielle": 150,
    "megan": 151,
    "alicia": 152,
    "suzanne": 153,
    "michele": 154,
    "gail": 155,
    "bertha": 156,
    "darlene": 157,
    "veronica": 158,
    "jill": 159,
    "erin": 160,
    "geraldine": 161,
    "lauren": 162,
    "cathy": 163,
    "joann": 164,
    "lorraine": 165,
    "lynn": 166,
    "sally": 167,
    "regina": 168,
    "erica": 169,
    "beatrice": 170,
    "dolores": 171,
    "bernice": 172,
    "audrey": 173,
    "yvonne": 174,
    "annette": 175,
    "marion": 176,
    "dana": 177,
    "stacy": 178,
    "ana": 179,
    "renee": 180,
    "ida": 181,
    "vivian": 182,
    "roberta": 183,
    "holly": 184,
    "brittany": 185,
    "melanie": 186,
    "loretta": 187,
    "yolanda": 188,
    "jeanette": 189,
    "laurie": 190,
    "katie": 191,
    "kristen": 192,
    "vanessa": 193,
    "alma": 194,
    "sue": 195,
    "elsie": 196,
    "beth": 197,
    "jeanne": 198,
    "vicki": 199,
    "carla": 200,
    "tara": 201,
    "rosemary": 202,
    "eileen": 203,
    "terri": 204,
    "gertrude": 205,
    "lucy": 206,
    "tonya": 207,
    "ella": 208,
    "stacey": 209,
    "wilma": 210,
    "gina": 211,
    "kristin": 212,
    "jessie": 213,
    "natalie": 214,
    "agnes": 215,
    "vera": 216,
    "charlene": 217,
    "bessie": 218,
    "delores": 219,
    "melinda": 220,
    "pearl": 221,
    "arlene": 222,
    "maureen": 223,
    "colleen": 224,
    "allison": 225,
    "tamara": 226,
    "joy": 227,
    "georgia": 228,
    "constance": 229,
    "lillie": 230,
    "claudia": 231,
    "jackie": 232,
    "marcia": 233,
    "tanya": 234,
    "nellie": 235,
    "minnie": 236,
    "marlene": 237,
    "heidi": 238,
    "glenda": 239,
    "lydia": 240,
    "viola": 241,
    "courtney": 242,
    "marian": 243,
    "stella": 244,
    "caroline": 245,
    "dora": 246,
    "vickie": 247,
    "mattie": 248,
    "maxine": 249,
    "irma": 250,
    "mabel": 251,
    "marsha": 252,
    "myrtle": 253,
    "lena": 254,
    "christy": 255,
    "deanna": 256,
    "patsy": 257,
    "hilda": 258,
    "gwendolyn": 259,
    "jennie": 260,
    "nora": 261,
    "margie": 262,
    "nina": 263,
    "cassandra": 264,
    "leah": 265,
    "penny": 266,
    "kay": 267,
    "priscilla": 268,
    "naomi": 269,
    "carole": 270,
    "olga": 271,
    "billie": 272,
    "dianne": 273,
    "tracey": 274,
    "leona": 275,
    "jenny": 276,
    "felicia": 277,
    "sonia": 278,
    "miriam": 279,
    "velma": 280,
    "becky": 281,
    "bobbie": 282,
    "violet": 283,
    "kristina": 284,
    "toni": 285,
    "misty": 286,
    "mae": 287,
    "shelly": 288,
    "daisy": 289,
    "ramona": 290,
    "sherri": 291,
    "erika": 292,
    "katrina": 293,
    "claire": 294,
    "lindsey": 295,
    "lindsay": 296,
    "geneva": 297,
    "guadalupe": 298,
    "belinda": 299,
    "margarita": 300,
    "sheryl": 301,
    "cora": 302,
    "faye": 303,
    "ada": 304,
    "sabrina": 305,
    "isabel": 306,
    "marguerite": 307,
    "hattie": 308,
    "harriet": 309,
    "molly": 310,
    "cecilia": 311,
    "kristi": 312,
    "brandi": 313,
    "blanche": 314,
    "sandy": 315,
    "rosie": 316,
    "joanna": 317,
    "iris": 318,
    "eunice": 319,
    "angie": 320,
    "inez": 321,
    "lynda": 322,
    "madeline": 323,
    "amelia": 324,
    "alberta": 325,
    "genevieve": 326,
    "monique": 327,
    "jodi": 328,
    "janie": 329,
    "kayla": 330,
    "sonya": 331,
    "jan": 332,
    "kristine": 333,
    "candace": 334,
    "fannie": 335,
    "maryann": 336,
    "opal": 337,
    "alison": 338,
    "yvette": 339,
    "melody": 340,
    "luz": 341,
    "susie": 342,
    "olivia": 343,
    "flora": 344,
    "shelley": 345,
    "kristy": 346,
    "mamie": 347,
    "lula": 348,
    "lola": 349,
    "verna": 350,
    "beulah": 351,
    "antoinette": 352,
    "candice": 353,
    "juana": 354,
    "jeannette": 355,
    "pam": 356,
    "kelli": 357,
    "whitney": 358,
    "bridget": 359,
    "karla": 360,
    "celia": 361,
    "latoya": 362,
    "patty": 363,
    "shelia": 364,
    "gayle": 365,
    "della": 366,
    "vicky": 367,
    "lynne": 368,
    "sheri": 369,
    "marianne": 370,
    "kara": 371,
    "jacquelyn": 372,
    "erma": 373,
    "blanca": 374,
    "myra": 375,
    "leticia": 376,
    "pat": 377,
    "krista": 378,
    "roxanne": 379,
    "angelica": 380,
    "robyn": 381,
    "adrienne": 382,
    "rosalie": 383,
    "alexandra": 384,
    "brooke": 385,
    "bethany": 386,
    "sadie": 387,
    "bernadette": 388,
    "traci": 389,
    "jody": 390,
    "kendra": 391,
    "nichole": 392,
    "rachael": 393,
    "mable": 394,
    "ernestine": 395,
    "muriel": 396,
    "marcella": 397,
    "elena": 398,
    "krystal": 399,
    "angelina": 400,
    "nadine": 401,
    "kari": 402,
    "estelle": 403,
    "dianna": 404,
    "paulette": 405,
    "lora": 406,
    "mona": 407,
    "doreen": 408,
    "rosemarie": 409,
    "desiree": 410,
    "antonia": 411,
    "janis": 412,
    "betsy": 413,
    "christie": 414,
    "freda": 415,
    "meredith": 416,
    "lynette": 417,
    "teri": 418,
    "cristina": 419,
    "eula": 420,
    "leigh": 421,
    "meghan": 422,
    "sophia": 423,
    "eloise": 424,
    "rochelle": 425,
    "gretchen": 426,
    "cecelia": 427,
    "raquel": 428,
    "henrietta": 429,
    "alyssa": 430,
    "jana": 431,
    "gwen": 432,
    "jenna": 433,
    "tricia": 434,
    "laverne": 435,
    "olive": 436,
    "tasha": 437,
    "silvia": 438,
    "elvira": 439,
    "delia": 440,
    "kate": 441,
    "patti": 442,
    "lorena": 443,
    "kellie": 444,
    "sonja": 445,
    "lila": 446,
    "lana": 447,
    "darla": 448,
    "mindy": 449,
    "essie": 450,
    "mandy": 451,
    "lorene": 452,
    "elsa": 453,
    "josefina": 454,
    "jeannie": 455,
    "miranda": 456,
    "dixie": 457,
    "lucia": 458,
    "marta": 459,
    "faith": 460,
    "lela": 461,
    "johanna": 462,
    "shari": 463,
    "camille": 464,
    "tami": 465,
    "shawna": 466,
    "elisa": 467,
    "ebony": 468,
    "melba": 469,
    "ora": 470,
    "nettie": 471,
    "tabitha": 472,
    "ollie": 473,
    "winifred": 474,
    "kristie": 475,
    "alisha": 476,
    "aimee": 477,
    "rena": 478,
    "myrna": 479,
    "marla": 480,
    "tammie": 481,
    "latasha": 482,
    "bonita": 483,
    "patrice": 484,
    "ronda": 485,
    "sherrie": 486,
    "addie": 487,
    "francine": 488,
    "deloris": 489,
    "stacie": 490,
    "adriana": 491,
    "cheri": 492,
    "abigail": 493,
    "celeste": 494,
    "jewel": 495,
    "cara": 496,
    "adele": 497,
    "rebekah": 498,
    "lucinda": 499,
    "dorthy": 500,
    "effie": 501,
    "trina": 502,
    "reba": 503,
    "sallie": 504,
    "aurora": 505,
    "lenora": 506,
    "etta": 507,
    "lottie": 508,
    "kerri": 509,
    "trisha": 510,
    "nikki": 511,
    "estella": 512,
    "francisca": 513,
    "josie": 514,
    "tracie": 515,
    "marissa": 516,
    "karin": 517,
    "brittney": 518,
    "janelle": 519,
    "lourdes": 520,
    "laurel": 521,
    "helene": 522,
    "fern": 523,
    "elva": 524,
    "corinne": 525,
    "kelsey": 526,
    "ina": 527,
    "bettie": 528,
    "elisabeth": 529,
    "aida": 530,
    "caitlin": 531,
    "ingrid": 532,
    "iva": 533,
    "eugenia": 534,
    "christa": 535,
    "goldie": 536,
    "maude": 537,
    "jenifer": 538,
    "therese": 539,
    "dena": 540,
    "lorna": 541,
    "janette": 542,
    "latonya": 543,
    "candy": 544,
    "consuelo": 545,
    "tamika": 546,
    "rosetta": 547,
    "debora": 548,
    "cherie": 549,
    "polly": 550,
    "dina": 551,
    "jewell": 552,
    "fay": 553,
    "jillian": 554,
    "dorothea": 555,
    "nell": 556,
    "trudy": 557,
    "esperanza": 558,
    "patrica": 559,
    "kimberley": 560,
    "shanna": 561,
    "helena": 562,
    "cleo": 563,
    "stefanie": 564,
    "rosario": 565,
    "ola": 566,
    "janine": 567,
    "mollie": 568,
    "lupe": 569,
    "alisa": 570,
    "lou": 571,
    "maribel": 572,
    "susanne": 573,
    "bette": 574,
    "susana": 575,
    "elise": 576,
    "cecile": 577,
    "isabelle": 578,
    "lesley": 579,
    "jocelyn": 580,
    "paige": 581,
    "joni": 582,
    "rachelle": 583,
    "leola": 584,
    "daphne": 585,
    "alta": 586,
    "ester": 587,
    "petra": 588,
    "graciela": 589,
    "imogene": 590,
    "jolene": 591,
    "keisha": 592,
    "lacey": 593,
    "glenna": 594,
    "gabriela": 595,
    "keri": 596,
    "ursula": 597,
    "lizzie": 598,
    "kirsten": 599,
    "shana": 600,
    "adeline": 601,
    "mayra": 602,
    "jayne": 603,
    "jaclyn": 604,
    "gracie": 605,
    "sondra": 606,
    "carmela": 607,
    "marisa": 608,
    "rosalind": 609,
    "charity": 610,
    "tonia": 611,
    "beatriz": 612,
    "marisol": 613,
    "clarice": 614,
    "jeanine": 615,
    "sheena": 616,
    "angeline": 617,
    "frieda": 618,
    "lily": 619,
    "shauna": 620,
    "millie": 621,
    "claudette": 622,
    "cathleen": 623,
    "angelia": 624,
    "gabrielle": 625,
    "autumn": 626,
    "katharine": 627,
    "jodie": 628,
    "staci": 629,
    "lea": 630,
    "christi": 631,
    "justine": 632,
    "elma": 633,
    "luella": 634,
    "margret": 635,
    "dominique": 636,
    "socorro": 637,
    "martina": 638,
    "margo": 639,
    "mavis": 640,
    "callie": 641,
    "bobbi": 642,
    "maritza": 643,
    "lucile": 644,
    "leanne": 645,
    "jeannine": 646,
    "deana": 647,
    "aileen": 648,
    "lorie": 649,
    "ladonna": 650,
    "willa": 651,
    "manuela": 652,
    "gale": 653,
    "selma": 654,
    "dolly": 655,
    "sybil": 656,
    "abby": 657,
    "ivy": 658,
    "dee": 659,
    "winnie": 660,
    "marcy": 661,
    "luisa": 662,
    "jeri": 663,
    "magdalena": 664,
    "ofelia": 665,
    "meagan": 666,
    "audra": 667,
    "matilda": 668,
    "leila": 669,
    "cornelia": 670,
    "bianca": 671,
    "simone": 672,
    "bettye": 673,
    "randi": 674,
    "virgie": 675,
    "latisha": 676,
    "barbra": 677,
    "georgina": 678,
    "eliza": 679,
    "leann": 680,
    "bridgette": 681,
    "rhoda": 682,
    "haley": 683,
    "adela": 684,
    "nola": 685,
    "bernadine": 686,
    "flossie": 687,
    "ila": 688,
    "greta": 689,
    "ruthie": 690,
    "nelda": 691,
    "minerva": 692,
    "lilly": 693,
    "terrie": 694,
    "letha": 695,
    "hilary": 696,
    "estela": 697,
    "valarie": 698,
    "brianna": 699,
    "rosalyn": 700,
    "earline": 701,
    "catalina": 702,
    "ava": 703,
    "mia": 704,
    "clarissa": 705,
    "lidia": 706,
    "corrine": 707,
    "alexandria": 708,
    "concepcion": 709,
    "tia": 710,
    "sharron": 711,
    "rae": 712,
    "dona": 713,
    "ericka": 714,
    "jami": 715,
    "elnora": 716,
    "chandra": 717,
    "lenore": 718,
    "neva": 719,
    "marylou": 720,
    "melisa": 721,
    "tabatha": 722,
    "serena": 723,
    "avis": 724,
    "allie": 725,
    "sofia": 726,
    "jeanie": 727,
    "odessa": 728,
    "nannie": 729,
    "harriett": 730,
    "loraine": 731,
    "penelope": 732,
    "milagros": 733,
    "emilia": 734,
    "benita": 735,
    "allyson": 736,
    "ashlee": 737,
    "tania": 738,
    "esmeralda": 739,
    "eve": 740,
    "pearlie": 741,
    "zelma": 742,
    "malinda": 743,
    "noreen": 744,
    "tameka": 745,
    "saundra": 746,
    "hillary": 747,
    "amie": 748,
    "althea": 749,
    "rosalinda": 750,
    "lilia": 751,
    "alana": 752,
    "clare": 753,
    "alejandra": 754,
    "elinor": 755,
    "lorrie": 756,
    "jerri": 757,
    "darcy": 758,
    "earnestine": 759,
    "carmella": 760,
    "noemi": 761,
    "marcie": 762,
    "liza": 763,
    "annabelle": 764,
    "louisa": 765,
    "earlene": 766,
    "mallory": 767,
    "carlene": 768,
    "nita": 769,
    "selena": 770,
    "tanisha": 771,
    "katy": 772,
    "julianne": 773,
    "lakisha": 774,
    "edwina": 775,
    "maricela": 776,
    "margery": 777,
    "kenya": 778,
    "dollie": 779,
    "roxie": 780,
    "roslyn": 781,
    "kathrine": 782,
    "nanette": 783,
    "charmaine": 784,
    "lavonne": 785,
    "ilene": 786,
    "tammi": 787,
    "suzette": 788,
    "corine": 789,
    "kaye": 790,
    "chrystal": 791,
    "lina": 792,
    "deanne": 793,
    "lilian": 794,
    "juliana": 795,
    "aline": 796,
    "luann": 797,
    "kasey": 798,
    "maryanne": 799,
    "evangeline": 800,
    "colette": 801,
    "melva": 802,
    "lawanda": 803,
    "yesenia": 804,
    "nadia": 805,
    "madge": 806,
    "kathie": 807,
    "ophelia": 808,
    "valeria": 809,
    "nona": 810,
    "mitzi": 811,
    "mari": 812,
    "georgette": 813,
    "claudine": 814,
    "fran": 815,
    "alissa": 816,
    "roseann": 817,
    "lakeisha": 818,
    "susanna": 819,
    "reva": 820,
    "deidre": 821,
    "chasity": 822,
    "sheree": 823,
    "elvia": 824,
    "alyce": 825,
    "deirdre": 826,
    "gena": 827,
    "briana": 828,
    "araceli": 829,
    "katelyn": 830,
    "rosanne": 831,
    "wendi": 832,
    "tessa": 833,
    "berta": 834,
    "marva": 835,
    "imelda": 836,
    "marietta": 837,
    "marci": 838,
    "leonor": 839,
    "arline": 840,
    "sasha": 841,
    "madelyn": 842,
    "janna": 843,
    "juliette": 844,
    "deena": 845,
    "aurelia": 846,
    "josefa": 847,
    "augusta": 848,
    "liliana": 849,
    "lessie": 850,
    "amalia": 851,
    "savannah": 852,
    "anastasia": 853,
    "vilma": 854,
    "natalia": 855,
    "rosella": 856,
    "lynnette": 857,
    "corina": 858,
    "alfreda": 859,
    "leanna": 860,
    "amparo": 861,
    "coleen": 862,
    "tamra": 863,
    "aisha": 864,
    "wilda": 865,
    "karyn": 866,
    "maura": 867,
    "mai": 868,
    "evangelina": 869,
    "rosanna": 870,
    "hallie": 871,
    "erna": 872,
    "enid": 873,
    "mariana": 874,
    "lacy": 875,
    "juliet": 876,
    "jacklyn": 877,
    "freida": 878,
    "madeleine": 879,
    "mara": 880,
    "cathryn": 881,
    "lelia": 882,
    "casandra": 883,
    "bridgett": 884,
    "angelita": 885,
    "jannie": 886,
    "dionne": 887,
    "annmarie": 888,
    "katina": 889,
    "beryl": 890,
    "millicent": 891,
    "katheryn": 892,
    "diann": 893,
    "carissa": 894,
    "maryellen": 895,
    "liz": 896,
    "lauri": 897,
    "helga": 898,
    "gilda": 899,
    "rhea": 900,
    "marquita": 901,
    "hollie": 902,
    "tisha": 903,
    "tamera": 904,
    "angelique": 905,
    "francesca": 906,
    "kaitlin": 907,
    "lolita": 908,
    "florine": 909,
    "rowena": 910,
    "reyna": 911,
    "twila": 912,
    "fanny": 913,
    "janell": 914,
    "ines": 915,
    "concetta": 916,
    "bertie": 917,
    "alba": 918,
    "brigitte": 919,
    "alyson": 920,
    "vonda": 921,
    "pansy": 922,
    "elba": 923,
    "noelle": 924,
    "letitia": 925,
    "deann": 926,
    "brandie": 927,
    "louella": 928,
    "leta": 929,
    "felecia": 930,
    "sharlene": 931,
    "lesa": 932,
    "beverley": 933,
    "isabella": 934,
    "herminia": 935,
    "terra": 936,
    "celina": 937,
    "tori": 938,
    "octavia": 939,
    "jade": 940,
    "denice": 941,
    "germaine": 942,
    "michell": 943,
    "cortney": 944,
    "nelly": 945,
    "doretha": 946,
    "deidra": 947,
    "monika": 948,
    "lashonda": 949,
    "judi": 950,
    "chelsey": 951,
    "antionette": 952,
    "margot": 953,
    "adelaide": 954,
    "leeann": 955,
    "elisha": 956,
    "dessie": 957,
    "libby": 958,
    "kathi": 959,
    "gayla": 960,
    "latanya": 961,
    "mina": 962,
    "mellisa": 963,
    "kimberlee": 964,
    "jasmin": 965,
    "renae": 966,
    "zelda": 967,
    "elda": 968,
    "justina": 969,
    "gussie": 970,
    "emilie": 971,
    "camilla": 972,
    "abbie": 973,
    "rocio": 974,
    "kaitlyn": 975,
    "edythe": 976,
    "ashleigh": 977,
    "selina": 978,
    "lakesha": 979,
    "geri": 980,
    "allene": 981,
    "pamala": 982,
    "michaela": 983,
    "dayna": 984,
    "caryn": 985,
    "rosalia": 986,
    "jacquline": 987,
    "rebeca": 988,
    "marybeth": 989,
    "krystle": 990,
    "iola": 991,
    "dottie": 992,
    "belle": 993,
    "griselda": 994,
    "ernestina": 995,
    "elida": 996,
    "adrianne": 997,
    "demetria": 998,
    "delma": 999,
    "jaqueline": 1000,
    "arleen": 1001,
    "virgina": 1002,
    "retha": 1003,
    "fatima": 1004,
    "tillie": 1005,
    "eleanore": 1006,
    "cari": 1007,
    "treva": 1008,
    "wilhelmina": 1009,
    "rosalee": 1010,
    "maurine": 1011,
    "latrice": 1012,
    "jena": 1013,
    "taryn": 1014,
    "elia": 1015,
    "debby": 1016,
    "maudie": 1017,
    "jeanna": 1018,
    "delilah": 1019,
    "catrina": 1020,
    "shonda": 1021,
    "hortencia": 1022,
    "theodora": 1023,
    "teresita": 1024,
    "robbin": 1025,
    "danette": 1026,
    "delphine": 1027,
    "brianne": 1028,
    "nilda": 1029,
    "danna": 1030,
    "cindi": 1031,
    "bess": 1032,
    "iona": 1033,
    "winona": 1034,
    "vida": 1035,
    "rosita": 1036,
    "marianna": 1037,
    "racheal": 1038,
    "guillermina": 1039,
    "eloisa": 1040,
    "celestine": 1041,
    "caren": 1042,
    "malissa": 1043,
    "lona": 1044,
    "chantel": 1045,
    "shellie": 1046,
    "marisela": 1047,
    "leora": 1048,
    "agatha": 1049,
    "soledad": 1050,
    "migdalia": 1051,
    "ivette": 1052,
    "christen": 1053,
    "athena": 1054,
    "janel": 1055,
    "veda": 1056,
    "pattie": 1057,
    "tessie": 1058,
    "tera": 1059,
    "marilynn": 1060,
    "lucretia": 1061,
    "karrie": 1062,
    "dinah": 1063,
    "daniela": 1064,
    "alecia": 1065,
    "adelina": 1066,
    "vernice": 1067,
    "shiela": 1068,
    "portia": 1069,
    "merry": 1070,
    "lashawn": 1071,
    "dara": 1072,
    "tawana": 1073,
    "verda": 1074,
    "alene": 1075,
    "zella": 1076,
    "sandi": 1077,
    "rafaela": 1078,
    "maya": 1079,
    "kira": 1080,
    "candida": 1081,
    "alvina": 1082,
    "suzan": 1083,
    "shayla": 1084,
    "lettie": 1085,
    "samatha": 1086,
    "oralia": 1087,
    "matilde": 1088,
    "larissa": 1089,
    "vesta": 1090,
    "renita": 1091,
    "delois": 1092,
    "shanda": 1093,
    "phillis": 1094,
    "lorri": 1095,
    "erlinda": 1096,
    "cathrine": 1097,
    "barb": 1098,
    "isabell": 1099,
    "ione": 1100,
    "gisela": 1101,
    "roxanna": 1102,
    "mayme": 1103,
    "kisha": 1104,
    "ellie": 1105,
    "mellissa": 1106,
    "dorris": 1107,
    "dalia": 1108,
    "bella": 1109,
    "annetta": 1110,
    "zoila": 1111,
    "reta": 1112,
    "reina": 1113,
    "lauretta": 1114,
    "kylie": 1115,
    "christal": 1116,
    "pilar": 1117,
    "charla": 1118,
    "elissa": 1119,
    "tiffani": 1120,
    "tana": 1121,
    "paulina": 1122,
    "leota": 1123,
    "breanna": 1124,
    "jayme": 1125,
    "carmel": 1126,
    "vernell": 1127,
    "tomasa": 1128,
    "mandi": 1129,
    "dominga": 1130,
    "santa": 1131,
    "melodie": 1132,
    "lura": 1133,
    "alexa": 1134,
    "tamela": 1135,
    "mirna": 1136,
    "kerrie": 1137,
    "venus": 1138,
    "felicita": 1139,
    "cristy": 1140,
    "carmelita": 1141,
    "berniece": 1142,
    "annemarie": 1143,
    "tiara": 1144,
    "roseanne": 1145,
    "missy": 1146,
    "cori": 1147,
    "roxana": 1148,
    "pricilla": 1149,
    "kristal": 1150,
    "jung": 1151,
    "elyse": 1152,
    "haydee": 1153,
    "aletha": 1154,
    "bettina": 1155,
    "marge": 1156,
    "gillian": 1157,
    "filomena": 1158,
    "zenaida": 1159,
    "harriette": 1160,
    "caridad": 1161,
    "vada": 1162,
    "aretha": 1163,
    "pearline": 1164,
    "marjory": 1165,
    "marcela": 1166,
    "flor": 1167,
    "evette": 1168,
    "elouise": 1169,
    "alina": 1170,
    "damaris": 1171,
    "catharine": 1172,
    "belva": 1173,
    "nakia": 1174,
    "marlena": 1175,
    "luanne": 1176,
    "lorine": 1177,
    "karon": 1178,
    "dorene": 1179,
    "danita": 1180,
    "brenna": 1181,
    "tatiana": 1182,
    "louann": 1183,
    "julianna": 1184,
    "andria": 1185,
    "philomena": 1186,
    "lucila": 1187,
    "leonora": 1188,
    "dovie": 1189,
    "romona": 1190,
    "mimi": 1191,
    "jacquelin": 1192,
    "gaye": 1193,
    "tonja": 1194,
    "misti": 1195,
    "chastity": 1196,
    "stacia": 1197,
    "roxann": 1198,
    "micaela": 1199,
    "velda": 1200,
    "marlys": 1201,
    "johnna": 1202,
    "aura": 1203,
    "ivonne": 1204,
    "hayley": 1205,
    "nicki": 1206,
    "majorie": 1207,
    "herlinda": 1208,
    "yadira": 1209,
    "perla": 1210,
    "gregoria": 1211,
    "antonette": 1212,
    "shelli": 1213,
    "mozelle": 1214,
    "mariah": 1215,
    "joelle": 1216,
    "cordelia": 1217,
    "josette": 1218,
    "chiquita": 1219,
    "trista": 1220,
    "laquita": 1221,
    "georgiana": 1222,
    "candi": 1223,
    "shanon": 1224,
    "hildegard": 1225,
    "stephany": 1226,
    "magda": 1227,
    "karol": 1228,
    "gabriella": 1229,
    "tiana": 1230,
    "roma": 1231,
    "richelle": 1232,
    "oleta": 1233,
    "jacque": 1234,
    "idella": 1235,
    "alaina": 1236,
    "suzanna": 1237,
    "jovita": 1238,
    "tosha": 1239,
    "nereida": 1240,
    "marlyn": 1241,
    "kyla": 1242,
    "delfina": 1243,
    "tena": 1244,
    "stephenie": 1245,
    "sabina": 1246,
    "nathalie": 1247,
    "marcelle": 1248,
    "gertie": 1249,
    "darleen": 1250,
    "thea": 1251,
    "sharonda": 1252,
    "shantel": 1253,
    "belen": 1254,
    "venessa": 1255,
    "rosalina": 1256,
    "genoveva": 1257,
    "clementine": 1258,
    "rosalba": 1259,
    "renate": 1260,
    "renata": 1261,
    "georgianna": 1262,
    "floy": 1263,
    "dorcas": 1264,
    "ariana": 1265,
    "tyra": 1266,
    "theda": 1267,
    "mariam": 1268,
    "juli": 1269,
    "jesica": 1270,
    "vikki": 1271,
    "verla": 1272,
    "roselyn": 1273,
    "melvina": 1274,
    "jannette": 1275,
    "ginny": 1276,
    "debrah": 1277,
    "corrie": 1278,
    "violeta": 1279,
    "myrtis": 1280,
    "latricia": 1281,
    "collette": 1282,
    "charleen": 1283,
    "anissa": 1284,
    "viviana": 1285,
    "twyla": 1286,
    "nedra": 1287,
    "latonia": 1288,
    "hellen": 1289,
    "fabiola": 1290,
    "annamarie": 1291,
    "adell": 1292,
    "sharyn": 1293,
    "chantal": 1294,
    "niki": 1295,
    "maud": 1296,
    "lizette": 1297,
    "lindy": 1298,
    "kesha": 1299,
    "jeana": 1300,
    "danelle": 1301,
    "charline": 1302,
    "chanel": 1303,
    "valorie": 1304,
    "dortha": 1305,
    "cristal": 1306,
    "sunny": 1307,
    "leone": 1308,
    "leilani": 1309,
    "gerri": 1310,
    "debi": 1311,
    "andra": 1312,
    "keshia": 1313,
    "eulalia": 1314,
    "easter": 1315,
    "dulce": 1316,
    "natividad": 1317,
    "linnie": 1318,
    "kami": 1319,
    "georgie": 1320,
    "catina": 1321,
    "brook": 1322,
    "alda": 1323,
    "winnifred": 1324,
    "sharla": 1325,
    "ruthann": 1326,
    "meaghan": 1327,
    "magdalene": 1328,
    "lissette": 1329,
    "adelaida": 1330,
    "venita": 1331,
    "trena": 1332,
    "shirlene": 1333,
    "shameka": 1334,
    "elizebeth": 1335,
    "dian": 1336,
    "shanta": 1337,
    "latosha": 1338,
    "carlotta": 1339,
    "windy": 1340,
    "rosina": 1341,
    "mariann": 1342,
    "leisa": 1343,
    "jonnie": 1344,
    "dawna": 1345,
    "cathie": 1346,
    "astrid": 1347,
    "laureen": 1348,
    "janeen": 1349,
    "holli": 1350,
    "fawn": 1351,
    "vickey": 1352,
    "teressa": 1353,
    "shante": 1354,
    "rubye": 1355,
    "marcelina": 1356,
    "chanda": 1357,
    "terese": 1358,
    "scarlett": 1359,
    "marnie": 1360,
    "lulu": 1361,
    "lisette": 1362,
    "jeniffer": 1363,
    "elenor": 1364,
    "dorinda": 1365,
    "donita": 1366,
    "carman": 1367,
    "bernita": 1368,
    "altagracia": 1369,
    "aleta": 1370,
    "adrianna": 1371,
    "zoraida": 1372,
    "lyndsey": 1373,
    "janina": 1374,
    "starla": 1375,
    "phylis": 1376,
    "phuong": 1377,
    "kyra": 1378,
    "charisse": 1379,
    "blanch": 1380,
    "sanjuanita": 1381,
    "rona": 1382,
    "nanci": 1383,
    "marilee": 1384,
    "maranda": 1385,
    "brigette": 1386,
    "sanjuana": 1387,
    "marita": 1388,
    "kassandra": 1389,
    "joycelyn": 1390,
    "felipa": 1391,
    "chelsie": 1392,
    "bonny": 1393,
    "mireya": 1394,
    "lorenza": 1395,
    "kyong": 1396,
    "ileana": 1397,
    "candelaria": 1398,
    "sherie": 1399,
    "lucie": 1400,
    "leatrice": 1401,
    "lakeshia": 1402,
    "gerda": 1403,
    "edie": 1404,
    "bambi": 1405,
    "marylin": 1406,
    "lavon": 1407,
    "hortense": 1408,
    "garnet": 1409,
    "evie": 1410,
    "tressa": 1411,
    "shayna": 1412,
    "lavina": 1413,
    "kyung": 1414,
    "jeanetta": 1415,
    "sherrill": 1416,
    "shara": 1417,
    "phyliss": 1418,
    "mittie": 1419,
    "anabel": 1420,
    "alesia": 1421,
    "thuy": 1422,
    "tawanda": 1423,
    "joanie": 1424,
    "tiffanie": 1425,
    "lashanda": 1426,
    "karissa": 1427,
    "enriqueta": 1428,
    "daria": 1429,
    "daniella": 1430,
    "corinna": 1431,
    "alanna": 1432,
    "abbey": 1433,
    "roxane": 1434,
    "roseanna": 1435,
    "magnolia": 1436,
    "lida": 1437,
    "joellen": 1438,
    "coral": 1439,
    "carleen": 1440,
    "tresa": 1441,
    "peggie": 1442,
    "novella": 1443,
    "nila": 1444,
    "maybelle": 1445,
    "jenelle": 1446,
    "carina": 1447,
    "nova": 1448,
    "melina": 1449,
    "marquerite": 1450,
    "margarette": 1451,
    "josephina": 1452,
    "evonne": 1453,
    "cinthia": 1454,
    "albina": 1455,
    "toya": 1456,
    "tawnya": 1457,
    "sherita": 1458,
    "myriam": 1459,
    "lizabeth": 1460,
    "lise": 1461,
    "keely": 1462,
    "jenni": 1463,
    "giselle": 1464,
    "cheryle": 1465,
    "ardith": 1466,
    "ardis": 1467,
    "alesha": 1468,
    "adriane": 1469,
    "shaina": 1470,
    "linnea": 1471,
    "karolyn": 1472,
    "felisha": 1473,
    "dori": 1474,
    "darci": 1475,
    "artie": 1476,
    "armida": 1477,
    "zola": 1478,
    "xiomara": 1479,
    "vergie": 1480,
    "shamika": 1481,
    "nena": 1482,
    "nannette": 1483,
    "maxie": 1484,
    "lovie": 1485,
    "jeane": 1486,
    "jaimie": 1487,
    "inge": 1488,
    "farrah": 1489,
    "elaina": 1490,
    "caitlyn": 1491,
    "felicitas": 1492,
    "cherly": 1493,
    "caryl": 1494,
    "yolonda": 1495,
    "yasmin": 1496,
    "teena": 1497,
    "prudence": 1498,
    "pennie": 1499,
    "nydia": 1500,
    "mackenzie": 1501,
    "orpha": 1502,
    "marvel": 1503,
    "lizbeth": 1504,
    "laurette": 1505,
    "jerrie": 1506,
    "hermelinda": 1507,
    "carolee": 1508,
    "tierra": 1509,
    "mirian": 1510,
    "meta": 1511,
    "melony": 1512,
    "kori": 1513,
    "jennette": 1514,
    "jamila": 1515,
    "yoshiko": 1516,
    "susannah": 1517,
    "salina": 1518,
    "rhiannon": 1519,
    "joleen": 1520,
    "cristine": 1521,
    "ashton": 1522,
    "aracely": 1523,
    "tomeka": 1524,
    "shalonda": 1525,
    "marti": 1526,
    "lacie": 1527,
    "kala": 1528,
    "jada": 1529,
    "ilse": 1530,
    "hailey": 1531,
    "brittani": 1532,
    "zona": 1533,
    "syble": 1534,
    "sherryl": 1535,
    "nidia": 1536,
    "marlo": 1537,
    "kandice": 1538,
    "kandi": 1539,
    "alycia": 1540,
    "ronna": 1541,
    "norene": 1542,
    "mercy": 1543,
    "ingeborg": 1544,
    "giovanna": 1545,
    "gemma": 1546,
    "christel": 1547,
    "audry": 1548,
    "zora": 1549,
    "vita": 1550,
    "trish": 1551,
    "stephaine": 1552,
    "shirlee": 1553,
    "shanika": 1554,
    "melonie": 1555,
    "mazie": 1556,
    "jazmin": 1557,
    "inga": 1558,
    "hettie": 1559,
    "geralyn": 1560,
    "fonda": 1561,
    "estrella": 1562,
    "adella": 1563,
    "sarita": 1564,
    "rina": 1565,
    "milissa": 1566,
    "maribeth": 1567,
    "golda": 1568,
    "evon": 1569,
    "ethelyn": 1570,
    "enedina": 1571,
    "cherise": 1572,
    "chana": 1573,
    "velva": 1574,
    "tawanna": 1575,
    "sade": 1576,
    "mirta": 1577,
    "karie": 1578,
    "jacinta": 1579,
    "elna": 1580,
    "davina": 1581,
    "cierra": 1582,
    "ashlie": 1583,
    "albertha": 1584,
    "tanesha": 1585,
    "nelle": 1586,
    "mindi": 1587,
    "lorinda": 1588,
    "larue": 1589,
    "florene": 1590,
    "demetra": 1591,
    "dedra": 1592,
    "ciara": 1593,
    "chantelle": 1594,
    "ashly": 1595,
    "suzy": 1596,
    "rosalva": 1597,
    "noelia": 1598,
    "lyda": 1599,
    "leatha": 1600,
    "krystyna": 1601,
    "kristan": 1602,
    "karri": 1603,
    "darline": 1604,
    "darcie": 1605,
    "cinda": 1606,
    "cherrie": 1607,
    "awilda": 1608,
    "almeda": 1609,
    "rolanda": 1610,
    "lanette": 1611,
    "jerilyn": 1612,
    "gisele": 1613,
    "evalyn": 1614,
    "cyndi": 1615,
    "cleta": 1616,
    "carin": 1617,
    "zina": 1618,
    "zena": 1619,
    "velia": 1620,
    "tanika": 1621,
    "charissa": 1622,
    "talia": 1623,
    "margarete": 1624,
    "lavonda": 1625,
    "kaylee": 1626,
    "kathlene": 1627,
    "jonna": 1628,
    "irena": 1629,
    "ilona": 1630,
    "idalia": 1631,
    "candis": 1632,
    "candance": 1633,
    "brandee": 1634,
    "anitra": 1635,
    "alida": 1636,
    "sigrid": 1637,
    "nicolette": 1638,
    "maryjo": 1639,
    "linette": 1640,
    "hedwig": 1641,
    "christiana": 1642,
    "alexia": 1643,
    "tressie": 1644,
    "modesta": 1645,
    "lupita": 1646,
    "lita": 1647,
    "gladis": 1648,
    "evelia": 1649,
    "davida": 1650,
    "cherri": 1651,
    "cecily": 1652,
    "ashely": 1653,
    "annabel": 1654,
    "agustina": 1655,
    "wanita": 1656,
    "shirly": 1657,
    "rosaura": 1658,
    "hulda": 1659,
    "yetta": 1660,
    "verona": 1661,
    "thomasina": 1662,
    "sibyl": 1663,
    "shannan": 1664,
    "mechelle": 1665,
    "leandra": 1666,
    "lani": 1667,
    "kylee": 1668,
    "kandy": 1669,
    "jolynn": 1670,
    "ferne": 1671,
    "eboni": 1672,
    "corene": 1673,
    "alysia": 1674,
    "zula": 1675,
    "nada": 1676,
    "moira": 1677,
    "lyndsay": 1678,
    "lorretta": 1679,
    "jammie": 1680,
    "hortensia": 1681,
    "gaynell": 1682,
    "adria": 1683,
    "vina": 1684,
    "vicenta": 1685,
    "tangela": 1686,
    "stephine": 1687,
    "norine": 1688,
    "nella": 1689,
    "liana": 1690,
    "leslee": 1691,
    "kimberely": 1692,
    "iliana": 1693,
    "glory": 1694,
    "felica": 1695,
    "emogene": 1696,
    "elfriede": 1697,
    "eden": 1698,
    "eartha": 1699,
    "carma": 1700,
    "ocie": 1701,
    "lennie": 1702,
    "kiara": 1703,
    "jacalyn": 1704,
    "carlota": 1705,
    "arielle": 1706,
    "otilia": 1707,
    "kirstin": 1708,
    "kacey": 1709,
    "johnetta": 1710,
    "joetta": 1711,
    "jeraldine": 1712,
    "jaunita": 1713,
    "elana": 1714,
    "dorthea": 1715,
    "cami": 1716,
    "amada": 1717,
    "adelia": 1718,
    "vernita": 1719,
    "tamar": 1720,
    "siobhan": 1721,
    "renea": 1722,
    "rashida": 1723,
    "ouida": 1724,
    "nilsa": 1725,
    "meryl": 1726,
    "kristyn": 1727,
    "julieta": 1728,
    "danica": 1729,
    "breanne": 1730,
    "aurea": 1731,
    "anglea": 1732,
    "sherron": 1733,
    "odette": 1734,
    "malia": 1735,
    "lorelei": 1736,
    "leesa": 1737,
    "kenna": 1738,
    "kathlyn": 1739,
    "fiona": 1740,
    "charlette": 1741,
    "suzie": 1742,
    "shantell": 1743,
    "sabra": 1744,
    "racquel": 1745,
    "myong": 1746,
    "mira": 1747,
    "martine": 1748,
    "lucienne": 1749,
    "lavada": 1750,
    "juliann": 1751,
    "elvera": 1752,
    "delphia": 1753,
    "christiane": 1754,
    "charolette": 1755,
    "carri": 1756,
    "asha": 1757,
    "angella": 1758,
    "paola": 1759,
    "ninfa": 1760,
    "leda": 1761,
    "stefani": 1762,
    "shanell": 1763,
    "palma": 1764,
    "machelle": 1765,
    "lissa": 1766,
    "kecia": 1767,
    "kathryne": 1768,
    "karlene": 1769,
    "julissa": 1770,
    "jettie": 1771,
    "jenniffer": 1772,
    "corrina": 1773,
    "carolann": 1774,
    "alena": 1775,
    "rosaria": 1776,
    "myrtice": 1777,
    "marylee": 1778,
    "liane": 1779,
    "kenyatta": 1780,
    "judie": 1781,
    "janey": 1782,
    "elmira": 1783,
    "eldora": 1784,
    "denna": 1785,
    "cristi": 1786,
    "cathi": 1787,
    "zaida": 1788,
    "vonnie": 1789,
    "viva": 1790,
    "vernie": 1791,
    "rosaline": 1792,
    "mariela": 1793,
    "luciana": 1794,
    "lesli": 1795,
    "karan": 1796,
    "felice": 1797,
    "deneen": 1798,
    "adina": 1799,
    "wynona": 1800,
    "tarsha": 1801,
    "sheron": 1802,
    "shanita": 1803,
    "shani": 1804,
    "shandra": 1805,
    "randa": 1806,
    "pinkie": 1807,
    "nelida": 1808,
    "marilou": 1809,
    "lyla": 1810,
    "laurene": 1811,
    "laci": 1812,
    "janene": 1813,
    "dorotha": 1814,
    "daniele": 1815,
    "dani": 1816,
    "carolynn": 1817,
    "carlyn": 1818,
    "berenice": 1819,
    "ayesha": 1820,
    "anneliese": 1821,
    "alethea": 1822,
    "thersa": 1823,
    "tamiko": 1824,
    "rufina": 1825,
    "oliva": 1826,
    "mozell": 1827,
    "marylyn": 1828,
    "kristian": 1829,
    "kathyrn": 1830,
    "kasandra": 1831,
    "kandace": 1832,
    "janae": 1833,
    "domenica": 1834,
    "debbra": 1835,
    "dannielle": 1836,
    "chun": 1837,
    "arcelia": 1838,
    "zenobia": 1839,
    "sharen": 1840,
    "sharee": 1841,
    "lavinia": 1842,
    "kacie": 1843,
    "jackeline": 1844,
    "huong": 1845,
    "felisa": 1846,
    "emelia": 1847,
    "eleanora": 1848,
    "cythia": 1849,
    "cristin": 1850,
    "claribel": 1851,
    "anastacia": 1852,
    "zulma": 1853,
    "zandra": 1854,
    "yoko": 1855,
    "tenisha": 1856,
    "susann": 1857,
    "sherilyn": 1858,
    "shay": 1859,
    "shawanda": 1860,
    "romana": 1861,
    "mathilda": 1862,
    "linsey": 1863,
    "keiko": 1864,
    "joana": 1865,
    "isela": 1866,
    "gretta": 1867,
    "georgetta": 1868,
    "eugenie": 1869,
    "desirae": 1870,
    "delora": 1871,
    "corazon": 1872,
    "antonina": 1873,
    "anika": 1874,
    "willene": 1875,
    "tracee": 1876,
    "tamatha": 1877,
    "nichelle": 1878,
    "mickie": 1879,
    "maegan": 1880,
    "luana": 1881,
    "lanita": 1882,
    "kelsie": 1883,
    "edelmira": 1884,
    "bree": 1885,
    "afton": 1886,
    "teodora": 1887,
    "tamie": 1888,
    "shena": 1889,
    "linh": 1890,
    "keli": 1891,
    "kaci": 1892,
    "danyelle": 1893,
    "arlette": 1894,
    "albertine": 1895,
    "adelle": 1896,
    "tiffiny": 1897,
    "simona": 1898,
    "nicolasa": 1899,
    "nichol": 1900,
    "nakisha": 1901,
    "maira": 1902,
    "loreen": 1903,
    "kizzy": 1904,
    "fallon": 1905,
    "christene": 1906,
    "bobbye": 1907,
    "ying": 1908,
    "vincenza": 1909,
    "tanja": 1910,
    "rubie": 1911,
    "roni": 1912,
    "queenie": 1913,
    "margarett": 1914,
    "kimberli": 1915,
    "irmgard": 1916,
    "idell": 1917,
    "hilma": 1918,
    "evelina": 1919,
    "esta": 1920,
    "emilee": 1921,
    "dennise": 1922,
    "dania": 1923,
    "carie": 1924,
    "risa": 1925,
    "rikki": 1926,
    "particia": 1927,
    "masako": 1928,
    "luvenia": 1929,
    "loree": 1930,
    "loni": 1931,
    "lien": 1932,
    "gigi": 1933,
    "florencia": 1934,
    "denita": 1935,
    "billye": 1936,
    "tomika": 1937,
    "sharita": 1938,
    "rana": 1939,
    "nikole": 1940,
    "neoma": 1941,
    "margarite": 1942,
    "madalyn": 1943,
    "lucina": 1944,
    "laila": 1945,
    "kali": 1946,
    "jenette": 1947,
    "gabriele": 1948,
    "evelyne": 1949,
    "elenora": 1950,
    "clementina": 1951,
    "alejandrina": 1952,
    "zulema": 1953,
    "violette": 1954,
    "vannessa": 1955,
    "thresa": 1956,
    "retta": 1957,
    "patience": 1958,
    "noella": 1959,
    "nickie": 1960,
    "jonell": 1961,
    "chaya": 1962,
    "camelia": 1963,
    "bethel": 1964,
    "anya": 1965,
    "suzann": 1966,
    "mila": 1967,
    "lilla": 1968,
    "laverna": 1969,
    "keesha": 1970,
    "kattie": 1971,
    "georgene": 1972,
    "eveline": 1973,
    "estell": 1974,
    "elizbeth": 1975,
    "vivienne": 1976,
    "vallie": 1977,
    "trudie": 1978,
    "stephane": 1979,
    "magaly": 1980,
    "madie": 1981,
    "kenyetta": 1982,
    "karren": 1983,
    "janetta": 1984,
    "hermine": 1985,
    "drucilla": 1986,
    "debbi": 1987,
    "celestina": 1988,
    "candie": 1989,
    "britni": 1990,
    "beckie": 1991,
    "amina": 1992,
    "zita": 1993,
    "yolande": 1994,
    "vivien": 1995,
    "vernetta": 1996,
    "trudi": 1997,
    "pearle": 1998,
    "patrina": 1999,
    "ossie": 2000,
    "nicolle": 2001,
    "loyce": 2002,
    "letty": 2003,
    "katharina": 2004,
    "joselyn": 2005,
    "jonelle": 2006,
    "jenell": 2007,
    "iesha": 2008,
    "heide": 2009,
    "florinda": 2010,
    "florentina": 2011,
    "elodia": 2012,
    "dorine": 2013,
    "brunilda": 2014,
    "brigid": 2015,
    "ashli": 2016,
    "ardella": 2017,
    "twana": 2018,
    "tarah": 2019,
    "shavon": 2020,
    "serina": 2021,
    "rayna": 2022,
    "ramonita": 2023,
    "margurite": 2024,
    "lucrecia": 2025,
    "kourtney": 2026,
    "kati": 2027,
    "jesenia": 2028,
    "crista": 2029,
    "ayana": 2030,
    "alica": 2031,
    "alia": 2032,
    "vinnie": 2033,
    "suellen": 2034,
    "romelia": 2035,
    "rachell": 2036,
    "olympia": 2037,
    "michiko": 2038,
    "kathaleen": 2039,
    "jolie": 2040,
    "jessi": 2041,
    "janessa": 2042,
    "hana": 2043,
    "elease": 2044,
    "carletta": 2045,
    "britany": 2046,
    "shona": 2047,
    "salome": 2048,
    "rosamond": 2049,
    "regena": 2050,
    "raina": 2051,
    "ngoc": 2052,
    "nelia": 2053,
    "louvenia": 2054,
    "lesia": 2055,
    "latrina": 2056,
    "laticia": 2057,
    "larhonda": 2058,
    "jina": 2059,
    "jacki": 2060,
    "emmy": 2061,
    "deeann": 2062,
    "coretta": 2063,
    "arnetta": 2064,
    "thalia": 2065,
    "shanice": 2066,
    "neta": 2067,
    "mikki": 2068,
    "micki": 2069,
    "lonna": 2070,
    "leana": 2071,
    "lashunda": 2072,
    "kiley": 2073,
    "joye": 2074,
    "jacqulyn": 2075,
    "ignacia": 2076,
    "hyun": 2077,
    "hiroko": 2078,
    "henriette": 2079,
    "elayne": 2080,
    "delinda": 2081,
    "dahlia": 2082,
    "coreen": 2083,
    "consuela": 2084,
    "conchita": 2085,
    "babette": 2086,
    "ayanna": 2087,
    "anette": 2088,
    "albertina": 2089,
    "shawnee": 2090,
    "shaneka": 2091,
    "quiana": 2092,
    "pamelia": 2093,
    "merri": 2094,
    "merlene": 2095,
    "margit": 2096,
    "kiesha": 2097,
    "kiera": 2098,
    "kaylene": 2099,
    "jodee": 2100,
    "jenise": 2101,
    "erlene": 2102,
    "emmie": 2103,
    "dalila": 2104,
    "daisey": 2105,
    "casie": 2106,
    "belia": 2107,
    "babara": 2108,
    "versie": 2109,
    "vanesa": 2110,
    "shelba": 2111,
    "shawnda": 2112,
    "nikia": 2113,
    "naoma": 2114,
    "marna": 2115,
    "margeret": 2116,
    "madaline": 2117,
    "lawana": 2118,
    "kindra": 2119,
    "jutta": 2120,
    "jazmine": 2121,
    "janett": 2122,
    "hannelore": 2123,
    "glendora": 2124,
    "gertrud": 2125,
    "garnett": 2126,
    "freeda": 2127,
    "frederica": 2128,
    "florance": 2129,
    "flavia": 2130,
    "carline": 2131,
    "beverlee": 2132,
    "anjanette": 2133,
    "valda": 2134,
    "tamala": 2135,
    "shonna": 2136,
    "sarina": 2137,
    "oneida": 2138,
    "merilyn": 2139,
    "marleen": 2140,
    "lurline": 2141,
    "lenna": 2142,
    "katherin": 2143,
    "jeni": 2144,
    "gracia": 2145,
    "glady": 2146,
    "farah": 2147,
    "enola": 2148,
    "dominque": 2149,
    "devona": 2150,
    "delana": 2151,
    "cecila": 2152,
    "caprice": 2153,
    "alysha": 2154,
    "alethia": 2155,
    "vena": 2156,
    "theresia": 2157,
    "tawny": 2158,
    "shakira": 2159,
    "samara": 2160,
    "sachiko": 2161,
    "rachele": 2162,
    "pamella": 2163,
    "marni": 2164,
    "mariel": 2165,
    "maren": 2166,
    "malisa": 2167,
    "ligia": 2168,
    "lera": 2169,
    "latoria": 2170,
    "larae": 2171,
    "kimber": 2172,
    "kathern": 2173,
    "karey": 2174,
    "jennefer": 2175,
    "janeth": 2176,
    "halina": 2177,
    "fredia": 2178,
    "delisa": 2179,
    "debroah": 2180,
    "ciera": 2181,
    "angelika": 2182,
    "andree": 2183,
    "altha": 2184,
    "vivan": 2185,
    "terresa": 2186,
    "tanna": 2187,
    "sudie": 2188,
    "signe": 2189,
    "salena": 2190,
    "ronni": 2191,
    "rebbecca": 2192,
    "myrtie": 2193,
    "malika": 2194,
    "maida": 2195,
    "leonarda": 2196,
    "kayleigh": 2197,
    "ethyl": 2198,
    "ellyn": 2199,
    "dayle": 2200,
    "cammie": 2201,
    "brittni": 2202,
    "birgit": 2203,
    "avelina": 2204,
    "asuncion": 2205,
    "arianna": 2206,
    "akiko": 2207,
    "venice": 2208,
    "tyesha": 2209,
    "tonie": 2210,
    "tiesha": 2211,
    "takisha": 2212,
    "steffanie": 2213,
    "sindy": 2214,
    "meghann": 2215,
    "manda": 2216,
    "macie": 2217,
    "kellye": 2218,
    "kellee": 2219,
    "joslyn": 2220,
    "inger": 2221,
    "indira": 2222,
    "glinda": 2223,
    "glennis": 2224,
    "fernanda": 2225,
    "faustina": 2226,
    "eneida": 2227,
    "elicia": 2228,
    "digna": 2229,
    "dell": 2230,
    "arletta": 2231,
    "willia": 2232,
    "tammara": 2233,
    "tabetha": 2234,
    "sherrell": 2235,
    "sari": 2236,
    "rebbeca": 2237,
    "pauletta": 2238,
    "natosha": 2239,
    "nakita": 2240,
    "mammie": 2241,
    "kenisha": 2242,
    "kazuko": 2243,
    "kassie": 2244,
    "earlean": 2245,
    "daphine": 2246,
    "corliss": 2247,
    "clotilde": 2248,
    "carolyne": 2249,
    "bernetta": 2250,
    "augustina": 2251,
    "audrea": 2252,
    "annis": 2253,
    "annabell": 2254,
    "tennille": 2255,
    "tamica": 2256,
    "selene": 2257,
    "rosana": 2258,
    "regenia": 2259,
    "qiana": 2260,
    "markita": 2261,
    "macy": 2262,
    "leeanne": 2263,
    "laurine": 2264,
    "jessenia": 2265,
    "janita": 2266,
    "georgine": 2267,
    "genie": 2268,
    "emiko": 2269,
    "elvie": 2270,
    "deandra": 2271,
    "dagmar": 2272,
    "corie": 2273,
    "collen": 2274,
    "cherish": 2275,
    "romaine": 2276,
    "porsha": 2277,
    "pearlene": 2278,
    "micheline": 2279,
    "merna": 2280,
    "margorie": 2281,
    "margaretta": 2282,
    "lore": 2283,
    "jenine": 2284,
    "hermina": 2285,
    "fredericka": 2286,
    "elke": 2287,
    "drusilla": 2288,
    "dorathy": 2289,
    "dione": 2290,
    "celena": 2291,
    "brigida": 2292,
    "allegra": 2293,
    "tamekia": 2294,
    "synthia": 2295,
    "sook": 2296,
    "slyvia": 2297,
    "rosann": 2298,
    "reatha": 2299,
    "raye": 2300,
    "marquetta": 2301,
    "margart": 2302,
    "ling": 2303,
    "layla": 2304,
    "kymberly": 2305,
    "kiana": 2306,
    "kayleen": 2307,
    "katlyn": 2308,
    "karmen": 2309,
    "joella": 2310,
    "emelda": 2311,
    "eleni": 2312,
    "detra": 2313,
    "clemmie": 2314,
    "cheryll": 2315,
    "chantell": 2316,
    "cathey": 2317,
    "arnita": 2318,
    "arla": 2319,
    "angle": 2320,
    "angelic": 2321,
    "alyse": 2322,
    "zofia": 2323,
    "thomasine": 2324,
    "tennie": 2325,
    "sherly": 2326,
    "sherley": 2327,
    "sharyl": 2328,
    "remedios": 2329,
    "petrina": 2330,
    "nickole": 2331,
    "myung": 2332,
    "myrle": 2333,
    "mozella": 2334,
    "louanne": 2335,
    "lisha": 2336,
    "latia": 2337,
    "krysta": 2338,
    "julienne": 2339,
    "jeanene": 2340,
    "jacqualine": 2341,
    "isaura": 2342,
    "gwenda": 2343,
    "earleen": 2344,
    "cleopatra": 2345,
    "carlie": 2346,
    "audie": 2347,
    "antonietta": 2348,
    "alise": 2349,
    "verdell": 2350,
    "tomoko": 2351,
    "thao": 2352,
    "talisha": 2353,
    "shemika": 2354,
    "savanna": 2355,
    "santina": 2356,
    "rosia": 2357,
    "raeann": 2358,
    "odilia": 2359,
    "nana": 2360,
    "minna": 2361,
    "magan": 2362,
    "lynelle": 2363,
    "karma": 2364,
    "joeann": 2365,
    "ivana": 2366,
    "inell": 2367,
    "ilana": 2368,
    "gudrun": 2369,
    "dreama": 2370,
    "crissy": 2371,
    "chante": 2372,
    "carmelina": 2373,
    "arvilla": 2374,
    "annamae": 2375,
    "alvera": 2376,
    "aleida": 2377,
    "yanira": 2378,
    "vanda": 2379,
    "tianna": 2380,
    "stefania": 2381,
    "shira": 2382,
    "nicol": 2383,
    "nancie": 2384,
    "monserrate": 2385,
    "melynda": 2386,
    "melany": 2387,
    "lovella": 2388,
    "laure": 2389,
    "kacy": 2390,
    "jacquelynn": 2391,
    "hyon": 2392,
    "gertha": 2393,
    "eliana": 2394,
    "christena": 2395,
    "christeen": 2396,
    "charise": 2397,
    "caterina": 2398,
    "carley": 2399,
    "candyce": 2400,
    "arlena": 2401,
    "ammie": 2402,
    "willette": 2403,
    "vanita": 2404,
    "tuyet": 2405,
    "syreeta": 2406,
    "penney": 2407,
    "nyla": 2408,
    "maryam": 2409,
    "marya": 2410,
    "magen": 2411,
    "ludie": 2412,
    "loma": 2413,
    "livia": 2414,
    "lanell": 2415,
    "kimberlie": 2416,
    "julee": 2417,
    "donetta": 2418,
    "diedra": 2419,
    "denisha": 2420,
    "deane": 2421,
    "dawne": 2422,
    "clarine": 2423,
    "cherryl": 2424,
    "bronwyn": 2425,
    "alla": 2426,
    "valery": 2427,
    "tonda": 2428,
    "sueann": 2429,
    "soraya": 2430,
    "shoshana": 2431,
    "shela": 2432,
    "sharleen": 2433,
    "shanelle": 2434,
    "nerissa": 2435,
    "meridith": 2436,
    "mellie": 2437,
    "maye": 2438,
    "maple": 2439,
    "magaret": 2440,
    "lili": 2441,
    "leonila": 2442,
    "leonie": 2443,
    "leeanna": 2444,
    "lavonia": 2445,
    "lavera": 2446,
    "kristel": 2447,
    "kathey": 2448,
    "kathe": 2449,
    "jann": 2450,
    "ilda": 2451,
    "hildred": 2452,
    "hildegarde": 2453,
    "genia": 2454,
    "fumiko": 2455,
    "evelin": 2456,
    "ermelinda": 2457,
    "elly": 2458,
    "dung": 2459,
    "doloris": 2460,
    "dionna": 2461,
    "danae": 2462,
    "berneice": 2463,
    "annice": 2464,
    "alix": 2465,
    "verena": 2466,
    "verdie": 2467,
    "shawnna": 2468,
    "shawana": 2469,
    "shaunna": 2470,
    "rozella": 2471,
    "randee": 2472,
    "ranae": 2473,
    "milagro": 2474,
    "lynell": 2475,
    "luise": 2476,
    "loida": 2477,
    "lisbeth": 2478,
    "karleen": 2479,
    "junita": 2480,
    "jona": 2481,
    "isis": 2482,
    "hyacinth": 2483,
    "hedy": 2484,
    "gwenn": 2485,
    "ethelene": 2486,
    "erline": 2487,
    "donya": 2488,
    "domonique": 2489,
    "delicia": 2490,
    "dannette": 2491,
    "cicely": 2492,
    "branda": 2493,
    "blythe": 2494,
    "bethann": 2495,
    "ashlyn": 2496,
    "annalee": 2497,
    "alline": 2498,
    "yuko": 2499,
    "vella": 2500,
    "trang": 2501,
    "towanda": 2502,
    "tesha": 2503,
    "sherlyn": 2504,
    "narcisa": 2505,
    "miguelina": 2506,
    "meri": 2507,
    "maybell": 2508,
    "marlana": 2509,
    "marguerita": 2510,
    "madlyn": 2511,
    "lory": 2512,
    "loriann": 2513,
    "leonore": 2514,
    "leighann": 2515,
    "laurice": 2516,
    "latesha": 2517,
    "laronda": 2518,
    "katrice": 2519,
    "kasie": 2520,
    "kaley": 2521,
    "jadwiga": 2522,
    "glennie": 2523,
    "gearldine": 2524,
    "francina": 2525,
    "epifania": 2526,
    "dyan": 2527,
    "dorie": 2528,
    "diedre": 2529,
    "denese": 2530,
    "demetrice": 2531,
    "delena": 2532,
    "cristie": 2533,
    "cleora": 2534,
    "catarina": 2535,
    "carisa": 2536,
    "barbera": 2537,
    "almeta": 2538,
    "trula": 2539,
    "tereasa": 2540,
    "solange": 2541,
    "sheilah": 2542,
    "shavonne": 2543,
    "sanora": 2544,
    "rochell": 2545,
    "mathilde": 2546,
    "margareta": 2547,
    "maia": 2548,
    "lynsey": 2549,
    "lawanna": 2550,
    "launa": 2551,
    "kena": 2552,
    "keena": 2553,
    "katia": 2554,
    "glynda": 2555,
    "gaylene": 2556,
    "elvina": 2557,
    "elanor": 2558,
    "danuta": 2559,
    "danika": 2560,
    "cristen": 2561,
    "cordie": 2562,
    "coletta": 2563,
    "clarita": 2564,
    "carmon": 2565,
    "brynn": 2566,
    "azucena": 2567,
    "aundrea": 2568,
    "angele": 2569,
    "verlie": 2570,
    "verlene": 2571,
    "tamesha": 2572,
    "silvana": 2573,
    "sebrina": 2574,
    "samira": 2575,
    "reda": 2576,
    "raylene": 2577,
    "penni": 2578,
    "norah": 2579,
    "noma": 2580,
    "mireille": 2581,
    "melissia": 2582,
    "maryalice": 2583,
    "laraine": 2584,
    "kimbery": 2585,
    "karyl": 2586,
    "karine": 2587,
    "jolanda": 2588,
    "johana": 2589,
    "jesusa": 2590,
    "jaleesa": 2591,
    "jacquelyne": 2592,
    "iluminada": 2593,
    "hilaria": 2594,
    "hanh": 2595,
    "gennie": 2596,
    "francie": 2597,
    "floretta": 2598,
    "exie": 2599,
    "edda": 2600,
    "drema": 2601,
    "delpha": 2602,
    "barbar": 2603,
    "assunta": 2604,
    "ardell": 2605,
    "annalisa": 2606,
    "alisia": 2607,
    "yukiko": 2608,
    "yolando": 2609,
    "wonda": 2610,
    "waltraud": 2611,
    "veta": 2612,
    "temeka": 2613,
    "tameika": 2614,
    "shirleen": 2615,
    "shenita": 2616,
    "piedad": 2617,
    "ozella": 2618,
    "mirtha": 2619,
    "marilu": 2620,
    "kimiko": 2621,
    "juliane": 2622,
    "jenice": 2623,
    "janay": 2624,
    "jacquiline": 2625,
    "hilde": 2626,
    "elois": 2627,
    "echo": 2628,
    "devorah": 2629,
    "chau": 2630,
    "brinda": 2631,
    "betsey": 2632,
    "arminda": 2633,
    "aracelis": 2634,
    "apryl": 2635,
    "annett": 2636,
    "alishia": 2637,
    "veola": 2638,
    "usha": 2639,
    "toshiko": 2640,
    "theola": 2641,
    "tashia": 2642,
    "talitha": 2643,
    "shery": 2644,
    "renetta": 2645,
    "reiko": 2646,
    "rasheeda": 2647,
    "obdulia": 2648,
    "mika": 2649,
    "melaine": 2650,
    "meggan": 2651,
    "marlen": 2652,
    "marget": 2653,
    "marceline": 2654,
    "mana": 2655,
    "magdalen": 2656,
    "librada": 2657,
    "lezlie": 2658,
    "latashia": 2659,
    "lasandra": 2660,
    "kelle": 2661,
    "isidra": 2662,
    "inocencia": 2663,
    "gwyn": 2664,
    "francoise": 2665,
    "erminia": 2666,
    "erinn": 2667,
    "dimple": 2668,
    "devora": 2669,
    "criselda": 2670,
    "armanda": 2671,
    "arie": 2672,
    "ariane": 2673,
    "angelena": 2674,
    "aliza": 2675,
    "adriene": 2676,
    "adaline": 2677,
    "xochitl": 2678,
    "twanna": 2679,
    "tomiko": 2680,
    "tamisha": 2681,
    "taisha": 2682,
    "susy": 2683,
    "rutha": 2684,
    "rhona": 2685,
    "noriko": 2686,
    "natashia": 2687,
    "merrie": 2688,
    "marinda": 2689,
    "mariko": 2690,
    "margert": 2691,
    "loris": 2692,
    "lizzette": 2693,
    "leisha": 2694,
    "kaila": 2695,
    "joannie": 2696,
    "jerrica": 2697,
    "jene": 2698,
    "jannet": 2699,
    "janee": 2700,
    "jacinda": 2701,
    "herta": 2702,
    "elenore": 2703,
    "doretta": 2704,
    "delaine": 2705,
    "daniell": 2706,
    "claudie": 2707,
    "britta": 2708,
    "apolonia": 2709,
    "amberly": 2710,
    "alease": 2711,
    "yuri": 2712,
    "waneta": 2713,
    "tomi": 2714,
    "sharri": 2715,
    "sandie": 2716,
    "roselle": 2717,
    "reynalda": 2718,
    "raguel": 2719,
    "phylicia": 2720,
    "patria": 2721,
    "olimpia": 2722,
    "odelia": 2723,
    "mitzie": 2724,
    "minda": 2725,
    "mignon": 2726,
    "mica": 2727,
    "mendy": 2728,
    "marivel": 2729,
    "maile": 2730,
    "lynetta": 2731,
    "lavette": 2732,
    "lauryn": 2733,
    "latrisha": 2734,
    "lakiesha": 2735,
    "kiersten": 2736,
    "kary": 2737,
    "josphine": 2738,
    "jolyn": 2739,
    "jetta": 2740,
    "janise": 2741,
    "jacquie": 2742,
    "ivelisse": 2743,
    "glynis": 2744,
    "gianna": 2745,
    "gaynelle": 2746,
    "danyell": 2747,
    "danille": 2748,
    "dacia": 2749,
    "coralee": 2750,
    "cher": 2751,
    "ceola": 2752,
    "arianne": 2753,
    "aleshia": 2754,
    "yung": 2755,
    "williemae": 2756,
    "trinh": 2757,
    "thora": 2758,
    "sherika": 2759,
    "shemeka": 2760,
    "shaunda": 2761,
    "roseline": 2762,
    "ricki": 2763,
    "melda": 2764,
    "mallie": 2765,
    "lavonna": 2766,
    "latina": 2767,
    "laquanda": 2768,
    "lala": 2769,
    "lachelle": 2770,
    "klara": 2771,
    "kandis": 2772,
    "johna": 2773,
    "jeanmarie": 2774,
    "jaye": 2775,
    "grayce": 2776,
    "gertude": 2777,
    "emerita": 2778,
    "ebonie": 2779,
    "clorinda": 2780,
    "ching": 2781,
    "chery": 2782,
    "carola": 2783,
    "breann": 2784,
    "blossom": 2785,
    "bernardine": 2786,
    "becki": 2787,
    "arletha": 2788,
    "argelia": 2789,
    "alita": 2790,
    "yulanda": 2791,
    "yessenia": 2792,
    "tobi": 2793,
    "tasia": 2794,
    "sylvie": 2795,
    "shirl": 2796,
    "shirely": 2797,
    "shella": 2798,
    "shantelle": 2799,
    "sacha": 2800,
    "rebecka": 2801,
    "providencia": 2802,
    "paulene": 2803,
    "misha": 2804,
    "miki": 2805,
    "marline": 2806,
    "marica": 2807,
    "lorita": 2808,
    "latoyia": 2809,
    "lasonya": 2810,
    "kerstin": 2811,
    "kenda": 2812,
    "keitha": 2813,
    "kathrin": 2814,
    "jaymie": 2815,
    "gricelda": 2816,
    "ginette": 2817,
    "eryn": 2818,
    "elina": 2819,
    "elfrieda": 2820,
    "danyel": 2821,
    "cheree": 2822,
    "chanelle": 2823,
    "barrie": 2824,
    "aurore": 2825,
    "annamaria": 2826,
    "alleen": 2827,
    "ailene": 2828,
    "aide": 2829,
    "yasmine": 2830,
    "vashti": 2831,
    "treasa": 2832,
    "tiffaney": 2833,
    "sheryll": 2834,
    "sharie": 2835,
    "shanae": 2836,
    "raisa": 2837,
    "neda": 2838,
    "mitsuko": 2839,
    "mirella": 2840,
    "milda": 2841,
    "maryanna": 2842,
    "maragret": 2843,
    "mabelle": 2844,
    "luetta": 2845,
    "lorina": 2846,
    "letisha": 2847,
    "latarsha": 2848,
    "lanelle": 2849,
    "lajuana": 2850,
    "krissy": 2851,
    "karly": 2852,
    "karena": 2853,
    "jessika": 2854,
    "jerica": 2855,
    "jeanelle": 2856,
    "jalisa": 2857,
    "jacelyn": 2858,
    "izola": 2859,
    "euna": 2860,
    "etha": 2861,
    "domitila": 2862,
    "dominica": 2863,
    "daina": 2864,
    "creola": 2865,
    "carli": 2866,
    "camie": 2867,
    "brittny": 2868,
    "ashanti": 2869,
    "anisha": 2870,
    "aleen": 2871,
    "adah": 2872,
    "yasuko": 2873,
    "valrie": 2874,
    "tona": 2875,
    "tinisha": 2876,
    "terisa": 2877,
    "taneka": 2878,
    "simonne": 2879,
    "shalanda": 2880,
    "serita": 2881,
    "ressie": 2882,
    "refugia": 2883,
    "olene": 2884,
    "margherita": 2885,
    "mandie": 2886,
    "maire": 2887,
    "lyndia": 2888,
    "luci": 2889,
    "lorriane": 2890,
    "loreta": 2891,
    "leonia": 2892,
    "lavona": 2893,
    "lashawnda": 2894,
    "lakia": 2895,
    "kyoko": 2896,
    "krystina": 2897,
    "krysten": 2898,
    "kenia": 2899,
    "kelsi": 2900,
    "jeanice": 2901,
    "isobel": 2902,
    "georgiann": 2903,
    "genny": 2904,
    "felicidad": 2905,
    "eilene": 2906,
    "deloise": 2907,
    "deedee": 2908,
    "conception": 2909,
    "clora": 2910,
    "cherilyn": 2911,
    "calandra": 2912,
    "armandina": 2913,
    "anisa": 2914,
    "tiera": 2915,
    "theressa": 2916,
    "stephania": 2917,
    "sima": 2918,
    "shyla": 2919,
    "shonta": 2920,
    "shera": 2921,
    "shaquita": 2922,
    "shala": 2923,
    "rossana": 2924,
    "nohemi": 2925,
    "nery": 2926,
    "moriah": 2927,
    "melita": 2928,
    "melida": 2929,
    "melani": 2930,
    "marylynn": 2931,
    "marisha": 2932,
    "mariette": 2933,
    "malorie": 2934,
    "madelene": 2935,
    "ludivina": 2936,
    "loria": 2937,
    "lorette": 2938,
    "loralee": 2939,
    "lianne": 2940,
    "lavenia": 2941,
    "laurinda": 2942,
    "lashon": 2943,
    "kimi": 2944,
    "keila": 2945,
    "katelynn": 2946,
    "jone": 2947,
    "joane": 2948,
    "jayna": 2949,
    "janella": 2950,
    "hertha": 2951,
    "francene": 2952,
    "elinore": 2953,
    "despina": 2954,
    "delsie": 2955,
    "deedra": 2956,
    "clemencia": 2957,
    "carolin": 2958,
    "bulah": 2959,
    "brittanie": 2960,
    "blondell": 2961,
    "bibi": 2962,
    "beaulah": 2963,
    "beata": 2964,
    "annita": 2965,
    "agripina": 2966,
    "virgen": 2967,
    "valene": 2968,
    "twanda": 2969,
    "tommye": 2970,
    "tarra": 2971,
    "tari": 2972,
    "tammera": 2973,
    "shakia": 2974,
    "sadye": 2975,
    "ruthanne": 2976,
    "rochel": 2977,
    "rivka": 2978,
    "pura": 2979,
    "nenita": 2980,
    "natisha": 2981,
    "ming": 2982,
    "merrilee": 2983,
    "melodee": 2984,
    "marvis": 2985,
    "lucilla": 2986,
    "leena": 2987,
    "laveta": 2988,
    "larita": 2989,
    "lanie": 2990,
    "keren": 2991,
    "ileen": 2992,
    "georgeann": 2993,
    "genna": 2994,
    "frida": 2995,
    "eufemia": 2996,
    "emely": 2997,
    "edyth": 2998,
    "deonna": 2999,
    "deadra": 3000,
    "darlena": 3001,
    "chanell": 3002,
    "cathern": 3003,
    "cassondra": 3004,
    "cassaundra": 3005,
    "bernarda": 3006,
    "berna": 3007,
    "arlinda": 3008,
    "anamaria": 3009,
    "vertie": 3010,
    "valeri": 3011,
    "torri": 3012,
    "stasia": 3013,
    "sherise": 3014,
    "sherill": 3015,
    "sanda": 3016,
    "ruthe": 3017,
    "rosy": 3018,
    "robbi": 3019,
    "ranee": 3020,
    "quyen": 3021,
    "pearly": 3022,
    "palmira": 3023,
    "onita": 3024,
    "nisha": 3025,
    "niesha": 3026,
    "nida": 3027,
    "merlyn": 3028,
    "mayola": 3029,
    "marylouise": 3030,
    "marth": 3031,
    "margene": 3032,
    "madelaine": 3033,
    "londa": 3034,
    "leontine": 3035,
    "leoma": 3036,
    "leia": 3037,
    "lauralee": 3038,
    "lanora": 3039,
    "lakita": 3040,
    "kiyoko": 3041,
    "keturah": 3042,
    "katelin": 3043,
    "kareen": 3044,
    "jonie": 3045,
    "johnette": 3046,
    "jenee": 3047,
    "jeanett": 3048,
    "izetta": 3049,
    "hiedi": 3050,
    "heike": 3051,
    "hassie": 3052,
    "giuseppina": 3053,
    "georgann": 3054,
    "fidela": 3055,
    "fernande": 3056,
    "elwanda": 3057,
    "ellamae": 3058,
    "eliz": 3059,
    "dusti": 3060,
    "dotty": 3061,
    "cyndy": 3062,
    "coralie": 3063,
    "celesta": 3064,
    "alverta": 3065,
    "xenia": 3066,
    "wava": 3067,
    "vanetta": 3068,
    "torrie": 3069,
    "tashina": 3070,
    "tandy": 3071,
    "tambra": 3072,
    "tama": 3073,
    "stepanie": 3074,
    "shila": 3075,
    "shaunta": 3076,
    "sharan": 3077,
    "shaniqua": 3078,
    "shae": 3079,
    "setsuko": 3080,
    "serafina": 3081,
    "sandee": 3082,
    "rosamaria": 3083,
    "priscila": 3084,
    "olinda": 3085,
    "nadene": 3086,
    "muoi": 3087,
    "michelina": 3088,
    "mercedez": 3089,
    "maryrose": 3090,
    "marcene": 3091,
    "magali": 3092,
    "mafalda": 3093,
    "lannie": 3094,
    "kayce": 3095,
    "karoline": 3096,
    "kamilah": 3097,
    "kamala": 3098,
    "justa": 3099,
    "joline": 3100,
    "jennine": 3101,
    "jacquetta": 3102,
    "iraida": 3103,
    "georgeanna": 3104,
    "franchesca": 3105,
    "emeline": 3106,
    "elane": 3107,
    "ehtel": 3108,
    "earlie": 3109,
    "dulcie": 3110,
    "dalene": 3111,
    "classie": 3112,
    "chere": 3113,
    "charis": 3114,
    "caroyln": 3115,
    "carmina": 3116,
    "carita": 3117,
    "bethanie": 3118,
    "ayako": 3119,
    "arica": 3120,
    "alysa": 3121,
    "alessandra": 3122,
    "akilah": 3123,
    "adrien": 3124,
    "zetta": 3125,
    "youlanda": 3126,
    "yelena": 3127,
    "yahaira": 3128,
    "xuan": 3129,
    "wendolyn": 3130,
    "tijuana": 3131,
    "terina": 3132,
    "teresia": 3133,
    "suzi": 3134,
    "sherell": 3135,
    "shavonda": 3136,
    "shaunte": 3137,
    "sharda": 3138,
    "shakita": 3139,
    "sena": 3140,
    "ryann": 3141,
    "rubi": 3142,
    "riva": 3143,
    "reginia": 3144,
    "rachal": 3145,
    "parthenia": 3146,
    "pamula": 3147,
    "monnie": 3148,
    "monet": 3149,
    "michaele": 3150,
    "melia": 3151,
    "malka": 3152,
    "maisha": 3153,
    "lisandra": 3154,
    "lekisha": 3155,
    "lean": 3156,
    "lakendra": 3157,
    "krystin": 3158,
    "kortney": 3159,
    "kizzie": 3160,
    "kittie": 3161,
    "kera": 3162,
    "kendal": 3163,
    "kemberly": 3164,
    "kanisha": 3165,
    "julene": 3166,
    "jule": 3167,
    "johanne": 3168,
    "jamee": 3169,
    "halley": 3170,
    "gidget": 3171,
    "fredricka": 3172,
    "fleta": 3173,
    "fatimah": 3174,
    "eusebia": 3175,
    "elza": 3176,
    "eleonore": 3177,
    "dorthey": 3178,
    "doria": 3179,
    "donella": 3180,
    "dinorah": 3181,
    "delorse": 3182,
    "claretha": 3183,
    "christinia": 3184,
    "charlyn": 3185,
    "bong": 3186,
    "belkis": 3187,
    "azzie": 3188,
    "andera": 3189,
    "aiko": 3190,
    "adena": 3191,
    "yajaira": 3192,
    "vania": 3193,
    "ulrike": 3194,
    "toshia": 3195,
    "tifany": 3196,
    "stefany": 3197,
    "shizue": 3198,
    "shenika": 3199,
    "shawanna": 3200,
    "sharolyn": 3201,
    "sharilyn": 3202,
    "shaquana": 3203,
    "shantay": 3204,
    "rozanne": 3205,
    "roselee": 3206,
    "remona": 3207,
    "reanna": 3208,
    "raelene": 3209,
    "phung": 3210,
    "petronila": 3211,
    "natacha": 3212,
    "nancey": 3213,
    "myrl": 3214,
    "miyoko": 3215,
    "miesha": 3216,
    "merideth": 3217,
    "marvella": 3218,
    "marquitta": 3219,
    "marhta": 3220,
    "marchelle": 3221,
    "lizeth": 3222,
    "libbie": 3223,
    "lahoma": 3224,
    "ladawn": 3225,
    "kina": 3226,
    "katheleen": 3227,
    "katharyn": 3228,
    "karisa": 3229,
    "kaleigh": 3230,
    "junie": 3231,
    "julieann": 3232,
    "johnsie": 3233,
    "janean": 3234,
    "jaimee": 3235,
    "jackqueline": 3236,
    "hisako": 3237,
    "herma": 3238,
    "helaine": 3239,
    "gwyneth": 3240,
    "gita": 3241,
    "eustolia": 3242,
    "emelina": 3243,
    "elin": 3244,
    "edris": 3245,
    "donnette": 3246,
    "donnetta": 3247,
    "dierdre": 3248,
    "denae": 3249,
    "darcel": 3250,
    "clarisa": 3251,
    "cinderella": 3252,
    "chia": 3253,
    "charlesetta": 3254,
    "charita": 3255,
    "celsa": 3256,
    "cassy": 3257,
    "cassi": 3258,
    "carlee": 3259,
    "bruna": 3260,
    "brittaney": 3261,
    "brande": 3262,
    "billi": 3263,
    "antonetta": 3264,
    "angla": 3265,
    "angelyn": 3266,
    "analisa": 3267,
    "alane": 3268,
    "wenona": 3269,
    "wendie": 3270,
    "veronique": 3271,
    "vannesa": 3272,
    "tobie": 3273,
    "tempie": 3274,
    "sumiko": 3275,
    "sulema": 3276,
    "somer": 3277,
    "sheba": 3278,
    "sharice": 3279,
    "shanel": 3280,
    "shalon": 3281,
    "rosio": 3282,
    "roselia": 3283,
    "renay": 3284,
    "rema": 3285,
    "reena": 3286,
    "ozie": 3287,
    "oretha": 3288,
    "oralee": 3289,
    "ngan": 3290,
    "nakesha": 3291,
    "milly": 3292,
    "marybelle": 3293,
    "margrett": 3294,
    "maragaret": 3295,
    "manie": 3296,
    "lurlene": 3297,
    "lillia": 3298,
    "lieselotte": 3299,
    "lavelle": 3300,
    "lashaunda": 3301,
    "lakeesha": 3302,
    "kaycee": 3303,
    "kalyn": 3304,
    "joya": 3305,
    "joette": 3306,
    "jenae": 3307,
    "janiece": 3308,
    "illa": 3309,
    "grisel": 3310,
    "glayds": 3311,
    "genevie": 3312,
    "gala": 3313,
    "fredda": 3314,
    "eleonor": 3315,
    "debera": 3316,
    "deandrea": 3317,
    "corrinne": 3318,
    "cordia": 3319,
    "contessa": 3320,
    "colene": 3321,
    "cleotilde": 3322,
    "chantay": 3323,
    "cecille": 3324,
    "beatris": 3325,
    "azalee": 3326,
    "arlean": 3327,
    "ardath": 3328,
    "anjelica": 3329,
    "anja": 3330,
    "alfredia": 3331,
    "aleisha": 3332,
    "zada": 3333,
    "yuonne": 3334,
    "xiao": 3335,
    "willodean": 3336,
    "vennie": 3337,
    "vanna": 3338,
    "tyisha": 3339,
    "tova": 3340,
    "torie": 3341,
    "tonisha": 3342,
    "tilda": 3343,
    "tien": 3344,
    "sirena": 3345,
    "sherril": 3346,
    "shanti": 3347,
    "shan": 3348,
    "senaida": 3349,
    "samella": 3350,
    "robbyn": 3351,
    "renda": 3352,
    "reita": 3353,
    "phebe": 3354,
    "paulita": 3355,
    "nobuko": 3356,
    "nguyet": 3357,
    "neomi": 3358,
    "mikaela": 3359,
    "melania": 3360,
    "maximina": 3361,
    "marg": 3362,
    "maisie": 3363,
    "lynna": 3364,
    "lilli": 3365,
    "lashaun": 3366,
    "lakenya": 3367,
    "lael": 3368,
    "kirstie": 3369,
    "kathline": 3370,
    "kasha": 3371,
    "karlyn": 3372,
    "karima": 3373,
    "jovan": 3374,
    "josefine": 3375,
    "jennell": 3376,
    "jacqui": 3377,
    "jackelyn": 3378,
    "hien": 3379,
    "grazyna": 3380,
    "florrie": 3381,
    "floria": 3382,
    "eleonora": 3383,
    "dwana": 3384,
    "dorla": 3385,
    "delmy": 3386,
    "deja": 3387,
    "dede": 3388,
    "dann": 3389,
    "crysta": 3390,
    "clelia": 3391,
    "claris": 3392,
    "chieko": 3393,
    "cherlyn": 3394,
    "cherelle": 3395,
    "charmain": 3396,
    "chara": 3397,
    "cammy": 3398,
    "arnette": 3399,
    "ardelle": 3400,
    "annika": 3401,
    "amiee": 3402,
    "amee": 3403,
    "allena": 3404,
    "yvone": 3405,
    "yuki": 3406,
    "yoshie": 3407,
    "yevette": 3408,
    "yael": 3409,
    "willetta": 3410,
    "voncile": 3411,
    "venetta": 3412,
    "tula": 3413,
    "tonette": 3414,
    "timika": 3415,
    "temika": 3416,
    "telma": 3417,
    "teisha": 3418,
    "taren": 3419,
    "stacee": 3420,
    "shawnta": 3421,
    "saturnina": 3422,
    "ricarda": 3423,
    "pasty": 3424,
    "onie": 3425,
    "nubia": 3426,
    "marielle": 3427,
    "mariella": 3428,
    "marianela": 3429,
    "mardell": 3430,
    "luanna": 3431,
    "loise": 3432,
    "lisabeth": 3433,
    "lindsy": 3434,
    "lilliana": 3435,
    "lilliam": 3436,
    "lelah": 3437,
    "leigha": 3438,
    "leanora": 3439,
    "kristeen": 3440,
    "khalilah": 3441,
    "keeley": 3442,
    "kandra": 3443,
    "junko": 3444,
    "joaquina": 3445,
    "jerlene": 3446,
    "jani": 3447,
    "jamika": 3448,
    "hsiu": 3449,
    "hermila": 3450,
    "genevive": 3451,
    "evia": 3452,
    "eugena": 3453,
    "emmaline": 3454,
    "elfreda": 3455,
    "elene": 3456,
    "donette": 3457,
    "delcie": 3458,
    "deeanna": 3459,
    "darcey": 3460,
    "clarinda": 3461,
    "cira": 3462,
    "chae": 3463,
    "celinda": 3464,
    "catheryn": 3465,
    "casimira": 3466,
    "carmelia": 3467,
    "camellia": 3468,
    "breana": 3469,
    "bobette": 3470,
    "bernardina": 3471,
    "bebe": 3472,
    "basilia": 3473,
    "arlyne": 3474,
    "amal": 3475,
    "alayna": 3476,
    "zonia": 3477,
    "zenia": 3478,
    "yuriko": 3479,
    "yaeko": 3480,
    "wynell": 3481,
    "willena": 3482,
    "vernia": 3483,
    "tora": 3484,
    "terrilyn": 3485,
    "terica": 3486,
    "tenesha": 3487,
    "tawna": 3488,
    "tajuana": 3489,
    "taina": 3490,
    "stephnie": 3491,
    "sona": 3492,
    "sina": 3493,
    "shondra": 3494,
    "shizuko": 3495,
    "sherlene": 3496,
    "sherice": 3497,
    "sharika": 3498,
    "rossie": 3499,
    "rosena": 3500,
    "rima": 3501,
    "rheba": 3502,
    "renna": 3503,
    "natalya": 3504,
    "nancee": 3505,
    "melodi": 3506,
    "meda": 3507,
    "matha": 3508,
    "marketta": 3509,
    "maricruz": 3510,
    "marcelene": 3511,
    "malvina": 3512,
    "luba": 3513,
    "louetta": 3514,
    "leida": 3515,
    "lecia": 3516,
    "lauran": 3517,
    "lashawna": 3518,
    "laine": 3519,
    "khadijah": 3520,
    "katerine": 3521,
    "kasi": 3522,
    "kallie": 3523,
    "julietta": 3524,
    "jesusita": 3525,
    "jestine": 3526,
    "jessia": 3527,
    "jeffie": 3528,
    "janyce": 3529,
    "isadora": 3530,
    "georgianne": 3531,
    "fidelia": 3532,
    "evita": 3533,
    "eura": 3534,
    "eulah": 3535,
    "estefana": 3536,
    "elsy": 3537,
    "eladia": 3538,
    "dodie": 3539,
    "denisse": 3540,
    "deloras": 3541,
    "delila": 3542,
    "daysi": 3543,
    "crystle": 3544,
    "concha": 3545,
    "claretta": 3546,
    "charlsie": 3547,
    "charlena": 3548,
    "carylon": 3549,
    "bettyann": 3550,
    "asley": 3551,
    "ashlea": 3552,
    "amira": 3553,
    "agueda": 3554,
    "agnus": 3555,
    "yuette": 3556,
    "vinita": 3557,
    "victorina": 3558,
    "tynisha": 3559,
    "treena": 3560,
    "toccara": 3561,
    "tish": 3562,
    "thomasena": 3563,
    "tegan": 3564,
    "soila": 3565,
    "shenna": 3566,
    "sharmaine": 3567,
    "shantae": 3568,
    "shandi": 3569,
    "saran": 3570,
    "sarai": 3571,
    "sana": 3572,
    "rosette": 3573,
    "rolande": 3574,
    "regine": 3575,
    "otelia": 3576,
    "olevia": 3577,
    "nicholle": 3578,
    "necole": 3579,
    "naida": 3580,
    "myrta": 3581,
    "myesha": 3582,
    "mitsue": 3583,
    "minta": 3584,
    "mertie": 3585,
    "margy": 3586,
    "mahalia": 3587,
    "madalene": 3588,
    "loura": 3589,
    "lorean": 3590,
    "lesha": 3591,
    "leonida": 3592,
    "lenita": 3593,
    "lavone": 3594,
    "lashell": 3595,
    "lashandra": 3596,
    "lamonica": 3597,
    "kimbra": 3598,
    "katherina": 3599,
    "karry": 3600,
    "kanesha": 3601,
    "jong": 3602,
    "jeneva": 3603,
    "jaquelyn": 3604,
    "gilma": 3605,
    "ghislaine": 3606,
    "gertrudis": 3607,
    "fransisca": 3608,
    "fermina": 3609,
    "ettie": 3610,
    "etsuko": 3611,
    "ellan": 3612,
    "elidia": 3613,
    "edra": 3614,
    "dorethea": 3615,
    "doreatha": 3616,
    "denyse": 3617,
    "deetta": 3618,
    "daine": 3619,
    "cyrstal": 3620,
    "corrin": 3621,
    "cayla": 3622,
    "carlita": 3623,
    "camila": 3624,
    "burma": 3625,
    "bula": 3626,
    "buena": 3627,
    "barabara": 3628,
    "avril": 3629,
    "alaine": 3630,
    "zana": 3631,
    "wilhemina": 3632,
    "wanetta": 3633,
    "verline": 3634,
    "vasiliki": 3635,
    "tonita": 3636,
    "tisa": 3637,
    "teofila": 3638,
    "tayna": 3639,
    "taunya": 3640,
    "tandra": 3641,
    "takako": 3642,
    "sunni": 3643,
    "suanne": 3644,
    "sixta": 3645,
    "sharell": 3646,
    "seema": 3647,
    "rosenda": 3648,
    "robena": 3649,
    "raymonde": 3650,
    "pamila": 3651,
    "ozell": 3652,
    "neida": 3653,
    "mistie": 3654,
    "micha": 3655,
    "merissa": 3656,
    "maurita": 3657,
    "maryln": 3658,
    "maryetta": 3659,
    "marcell": 3660,
    "malena": 3661,
    "makeda": 3662,
    "lovetta": 3663,
    "lourie": 3664,
    "lorrine": 3665,
    "lorilee": 3666,
    "laurena": 3667,
    "lashay": 3668,
    "larraine": 3669,
    "laree": 3670,
    "lacresha": 3671,
    "kristle": 3672,
    "keva": 3673,
    "keira": 3674,
    "karole": 3675,
    "joie": 3676,
    "jinny": 3677,
    "jeannetta": 3678,
    "jama": 3679,
    "heidy": 3680,
    "gilberte": 3681,
    "gema": 3682,
    "faviola": 3683,
    "evelynn": 3684,
    "enda": 3685,
    "elli": 3686,
    "ellena": 3687,
    "divina": 3688,
    "dagny": 3689,
    "collene": 3690,
    "codi": 3691,
    "cindie": 3692,
    "chassidy": 3693,
    "chasidy": 3694,
    "catrice": 3695,
    "catherina": 3696,
    "cassey": 3697,
    "caroll": 3698,
    "carlena": 3699,
    "candra": 3700,
    "calista": 3701,
    "bryanna": 3702,
    "britteny": 3703,
    "beula": 3704,
    "bari": 3705,
    "audrie": 3706,
    "audria": 3707,
    "ardelia": 3708,
    "annelle": 3709,
    "angila": 3710,
    "alona": 3711,
    "allyn": 3712
  }
}