{
  "male_names": {
    "james": 1,
    "john": 2,
    "robert": 3,
    "michael": 4,
    "william": 5,
    "david": 6,
    "richard": 7,
    "charles": 8,
    "joseph": 9,
    "thomas": 10,
    "christopher": 11,
    "daniel": 12,
    "paul": 13,
    "mark": 14,
    "donald": 15,
    "george": 16,
    "kenneth": 17,
    "steven": 18,
    "edward": 19,
    "brian": 20,
    "ronald": 21,
    "anthony": 22,
    "kevin": 23,
    "jason": 24,
    "matthew": 25,
    "gary": 26,
    "timothy": 27,
    "jose": 28,
    "larry": 29,
    "jeffrey": 30,
    "frank": 31,
    "scott": 32,
    "eric": 33,
    "stephen": 34,
    "andrew": 35,
    "raymond": 36,
    "gregory": 37,
    "joshua": 38,
    "jerry": 39,
    "dennis": 40,
    "walter": 41,
    "patrick": 42,
    "peter": 43,
    "harold": 44,
    "douglas": 45,
    "henry": 46,
    "carl": 47,
    "arthur": 48,
    "ryan": 49,
    "roger": 50,
    "joe": 51,
    "juan": 52,
    "jack": 53,
    "albert": 54,
    "jonathan": 55,
    "justin": 56,
    "terry": 57,
    "gerald": 58,
    "keith": 59,
    "samuel": 60,
    "willie": 61,
    "ralph": 62,
    "lawrence": 63,
    "nicholas": 64,
    "roy": 65,
    "benjamin": 66,
    "bruce": 67,
    "brandon": 68,
    "adam": 69,
    "harry": 70,
    "fred": 71,
    "wayne": 72,
    "billy": 73,
    "steve": 74,
    "louis": 75,
    "jeremy": 76,
    "aaron": 77,
    "randy": 78,
    "eugene": 79,
    "carlos": 80,
    "russell": 81,
    "bobby": 82,
    "victor": 83,
    "ernest": 84,
    "phillip": 85,
    "todd": 86,
    "jesse": 87,
    "craig": 88,
    "alan": 89,
    "shawn": 90,
    "clarence": 91,
    "sean": 92,
    "philip": 93,
    "chris": 94,
    "johnny": 95,
    "earl": 96,
    "jimmy": 97,
    "antonio": 98,
    "danny": 99,
    "bryan": 100,
    "tony": 101,
    "luis": 102,
    "mike": 103,
    "stanley": 104,
    "leonard": 105,
    "nathan": 106,
    "dale": 107,
    "manuel": 108,
    "rodney": 109,
    "curtis": 110,
    "norman": 111,
    "marvin": 112,
    "vincent": 113,
    "glenn": 114,
    "jeffery": 115,
    "travis": 116,
    "jeff": 117,
    "chad": 118,
    "jacob": 119,
    "melvin": 120,
    "alfred": 121,
    "kyle": 122,
    "francis": 123,
    "bradley": 124,
    "jesus": 125,
    "herbert": 126,
    "frederick": 127,
    "ray": 128,
    "joel": 129,
    "edwin": 130,
    "don": 131,
    "eddie": 132,
    "ricky": 133,
    "troy": 134,
    "randall": 135,
    "barry": 136,
    "bernard": 137,
    "mario": 138,
    "leroy": 139,
    "francisco": 140,
    "marcus": 141,
    "micheal": 142,
    "theodore": 143,
    "clifford": 144,
    "miguel": 145,
    "oscar": 146,
    "jay": 147,
    "jim": 148,
    "tom": 149,
    "calvin": 150,
    "alex": 151,
    "jon": 152,
    "ronnie": 153,
    "bill": 154,
    "lloyd": 155,
    "tommy": 156,
    "leon": 157,
    "derek": 158,
    "darrell": 159,
    "jerome": 160,
    "floyd": 161,
    "leo": 162,
    "alvin": 163,
    "tim": 164,
    "wesley": 165,
    "dean": 166,
    "greg": 167,
    "jorge": 168,
    "dustin": 169,
    "pedro": 170,
    "derrick": 171,
    "dan": 172,
    "zachary": 173,
    "corey": 174,
    "herman": 175,
    "maurice": 176,
    "vernon": 177,
    "roberto": 178,
    "clyde": 179,
    "glen": 180,
    "hector": 181,
    "shane": 182,
    "ricardo": 183,
    "sam": 184,
    "rick": 185,
    "lester": 186,
    "brent": 187,
    "ramon": 188,
    "tyler": 189,
    "gilbert": 190,
    "gene": 191,
    "marc": 192,
    "reginald": 193,
    "ruben": 194,
    "brett": 195,
    "nathaniel": 196,
    "rafael": 197,
    "edgar": 198,
    "milton": 199,
    "raul": 200,
    "ben": 201,
    "cecil": 202,
    "duane": 203,
    "andre": 204,
    "elmer": 205,
    "brad": 206,
    "gabriel": 207,
    "ron": 208,
    "roland": 209,
    "jared": 210,
    "adrian": 211,
    "karl": 212,
    "cory": 213,
    "claude": 214,
    "erik": 215,
    "darryl": 216,
    "neil": 217,
    "christian": 218,
    "javier": 219,
    "fernando": 220,
    "clinton": 221,
    "ted": 222,
    "mathew": 223,
    "tyrone": 224,
    "darren": 225,
    "lonnie": 226,
    "lance": 227,
    "cody": 228,
    "julio": 229,
    "kurt": 230,
    "allan": 231,
    "clayton": 232,
    "hugh": 233,
    "max": 234,
    "dwayne": 235,
    "dwight": 236,
    "armando": 237,
    "felix": 238,
    "jimmie": 239,
    "everett": 240,
    "ian": 241,
    "ken": 242,
    "bob": 243,
    "jaime": 244,
    "casey": 245,
    "alfredo": 246,
    "alberto": 247,
    "dave": 248,
    "ivan": 249,
    "johnnie": 250,
    "sidney": 251,
    "byron": 252,
    "julian": 253,
    "isaac": 254,
    "clifton": 255,
    "willard": 256,
    "daryl": 257,
    "virgil": 258,
    "andy": 259,
    "salvador": 260,
    "kirk": 261,
    "sergio": 262,
    "seth": 263,
    "kent": 264,
    "terrance": 265,
    "rene": 266,
    "eduardo": 267,
    "terrence": 268,
    "enrique": 269,
    "freddie": 270,
    "stuart": 271,
    "fredrick": 272,
    "arturo": 273,
    "alejandro": 274,
    "joey": 275,
    "nick": 276,
    "luther": 277,
    "wendell": 278,
    "jeremiah": 279,
    "evan": 280,
    "julius": 281,
    "donnie": 282,
    "otis": 283,
    "trevor": 284,
    "luke": 285,
    "homer": 286,
    "gerard": 287,
    "doug": 288,
    "kenny": 289,
    "hubert": 290,
    "angelo": 291,
    "shaun": 292,
    "lyle": 293,
    "matt": 294,
    "alfonso": 295,
    "orlando": 296,
    "rex": 297,
    "carlton": 298,
    "ernesto": 299,
    "pablo": 300,
    "lorenzo": 301,
    "omar": 302,
    "wilbur": 303,
    "blake": 304,
    "horace": 305,
    "roderick": 306,
    "kerry": 307,
    "abraham": 308,
    "rickey": 309,
    "ira": 310,
    "andres": 311,
    "cesar": 312,
    "johnathan": 313,
    "malcolm": 314,
    "rudolph": 315,
    "damon": 316,
    "kelvin": 317,
    "rudy": 318,
    "preston": 319,
    "alton": 320,
    "archie": 321,
    "marco": 322,
    "pete": 323,
    "randolph": 324,
    "garry": 325,
    "geoffrey": 326,
    "jonathon": 327,
    "felipe": 328,
    "bennie": 329,
    "gerardo": 330,
    "dominic": 331,
    "loren": 332,
    "delbert": 333,
    "colin": 334,
    "guillermo": 335,
    "earnest": 336,
    "benny": 337,
    "noel": 338,
    "rodolfo": 339,
    "myron": 340,
    "edmund": 341,
    "salvatore": 342,
    "cedric": 343,
    "lowell": 344,
    "gregg": 345,
    "sherman": 346,
    "devin": 347,
    "sylvester": 348,
    "roosevelt": 349,
    "israel": 350,
    "jermaine": 351,
    "forrest": 352,
    "wilbert": 353,
    "leland": 354,
    "simon": 355,
    "irving": 356,
    "owen": 357,
    "rufus": 358,
    "woodrow": 359,
    "sammy": 360,
    "kristopher": 361,
    "levi": 362,
    "marcos": 363,
    "gustavo": 364,
    "jake": 365,
    "lionel": 366,
    "marty": 367,
    "gilberto": 368,
    "clint": 369,
    "nicolas": 370,
    "laurence": 371,
    "ismael": 372,
    "orville": 373,
    "drew": 374,
    "ervin": 375,
    "dewey": 376,
    "wilfred": 377,
    "josh": 378,
    "hugo": 379,
    "ignacio": 380,
    "caleb": 381,
    "tomas": 382,
    "sheldon": 383,
    "erick": 384,
    "frankie": 385,
    "darrel": 386,
    "rogelio": 387,
    "terence": 388,
    "alonzo": 389,
    "elias": 390,
    "bert": 391,
    "elbert": 392,
    "ramiro": 393,
    "conrad": 394,
    "noah": 395,
    "grady": 396,
    "phil": 397,
    "cornelius": 398,
    "lamar": 399,
    "rolando": 400,
    "clay": 401,
    "percy": 402,
    "bradford": 403,
    "merle": 404,
    "darin": 405,
    "amos": 406,
    "terrell": 407,
    "moses": 408,
    "irvin": 409,
    "saul": 410,
    "roman": 411,
    "darnell": 412,
    "randal": 413,
    "tommie": 414,
    "timmy": 415,
    "darrin": 416,
    "brendan": 417,
    "toby": 418,
    "van": 419,
    "abel": 420,
    "dominick": 421,
    "emilio": 422,
    "elijah": 423,
    "cary": 424,
    "domingo": 425,
    "aubrey": 426,
    "emmett": 427,
    "marlon": 428,
    "emanuel": 429,
    "jerald": 430,
    "edmond": 431,
    "emil": 432,
    "dewayne": 433,
    "otto": 434,
    "teddy": 435,
    "reynaldo": 436,
    "bret": 437,
    "jess": 438,
    "trent": 439,
    "humberto": 440,
    "emmanuel": 441,
    "stephan": 442,
    "louie": 443,
    "vicente": 444,
    "lamont": 445,
    "garland": 446,
    "micah": 447,
    "efrain": 448,
    "heath": 449,
    "rodger": 450,
    "demetrius": 451,
    "ethan": 452,
    "eldon": 453,
    "rocky": 454,
    "pierre": 455,
    "eli": 456,
    "bryce": 457,
    "antoine": 458,
    "robbie": 459,
    "kendall": 460,
    "royce": 461,
    "sterling": 462,
    "grover": 463,
    "elton": 464,
    "cleveland": 465,
    "dylan": 466,
    "chuck": 467,
    "damian": 468,
    "reuben": 469,
    "stan": 470,
    "leonardo": 471,
    "russel": 472,
    "erwin": 473,
    "benito": 474,
    "hans": 475,
    "monte": 476,
    "blaine": 477,
    "ernie": 478,
    "curt": 479,
    "quentin": 480,
    "agustin": 481,
    "jamal": 482,
    "devon": 483,
    "adolfo": 484,
    "tyson": 485,
    "wilfredo": 486,
    "bart": 487,
    "jarrod": 488,
    "vance": 489,
    "denis": 490,
    "damien": 491,
    "joaquin": 492,
    "harlan": 493,
    "desmond": 494,
    "elliot": 495,
    "darwin": 496,
    "gregorio": 497,
    "kermit": 498,
    "roscoe": 499,
    "esteban": 500,
    "anton": 501,
    "solomon": 502,
    "norbert": 503,
    "elvin": 504,
    "nolan": 505,
    "carey": 506,
    "rod": 507,
    "quinton": 508,
    "hal": 509,
    "brain": 510,
    "rob": 511,
    "elwood": 512,
    "kendrick": 513,
    "darius": 514,
    "moises": 515,
    "marlin": 516,
    "fidel": 517,
    "thaddeus": 518,
    "cliff": 519,
    "marcel": 520,
    "ali": 521,
    "raphael": 522,
    "bryon": 523,
    "armand": 524,
    "alvaro": 525,
    "jeffry": 526,
    "dane": 527,
    "joesph": 528,
    "thurman": 529,
    "ned": 530,
    "sammie": 531,
    "rusty": 532,
    "michel": 533,
    "monty": 534,
    "rory": 535,
    "fabian": 536,
    "reggie": 537,
    "kris": 538,
    "isaiah": 539,
    "gus": 540,
    "avery": 541,
    "loyd": 542,
    "diego": 543,
    "adolph": 544,
    "millard": 545,
    "rocco": 546,
    "gonzalo": 547,
    "derick": 548,
    "rodrigo": 549,
    "gerry": 550,
    "rigoberto": 551,
    "alphonso": 552,
    "rickie": 553,
    "noe": 554,
    "vern": 555,
    "elvis": 556,
    "bernardo": 557,
    "mauricio": 558,
    "hiram": 559,
    "donovan": 560,
    "basil": 561,
    "nickolas": 562,
    "scot": 563,
    "vince": 564,
    "quincy": 565,
    "eddy": 566,
    "sebastian": 567,
    "federico": 568,
    "ulysses": 569,
    "heriberto": 570,
    "donnell": 571,
    "denny": 572,
    "gavin": 573,
    "emery": 574,
    "romeo": 575,
    "jayson": 576,
    "dion": 577,
    "dante": 578,
    "clement": 579,
    "coy": 580,
    "odell": 581,
    "jarvis": 582,
    "bruno": 583,
    "issac": 584,
    "dudley": 585,
    "sanford": 586,
    "colby": 587,
    "carmelo": 588,
    "nestor": 589,
    "hollis": 590,
    "stefan": 591,
    "donny": 592,
    "linwood": 593,
    "beau": 594,
    "weldon": 595,
    "galen": 596,
    "isidro": 597,
    "truman": 598,
    "delmar": 599,
    "johnathon": 600,
    "silas": 601,
    "frederic": 602,
    "irwin": 603,
    "merrill": 604,
    "charley": 605,
    "marcelino": 606,
    "carlo": 607,
    "trenton": 608,
    "kurtis": 609,
    "aurelio": 610,
    "winfred": 611,
    "vito": 612,
    "collin": 613,
    "denver": 614,
    "leonel": 615,
    "emory": 616,
    "pasquale": 617,
    "mohammad": 618,
    "mariano": 619,
    "danial": 620,
    "landon": 621,
    "dirk": 622,
    "branden": 623,
    "adan": 624,
    "numbers": 625,
    "clair": 626,
    "buford": 627,
    "bernie": 628,
    "wilmer": 629,
    "emerson": 630,
    "zachery": 631,
    "jacques": 632,
    "errol": 633,
    "josue": 634,
    "edwardo": 635,
    "wilford": 636,
    "theron": 637,
    "raymundo": 638,
    "daren": 639,
    "tristan": 640,
    "robby": 641,
    "lincoln": 642,
    "jame": 643,
    "genaro": 644,
    "octavio": 645,
    "cornell": 646,
    "hung": 647,
    "arron": 648,
    "antony": 649,
    "herschel": 650,
    "alva": 651,
    "giovanni": 652,
    "garth": 653,
    "cyrus": 654,
    "cyril": 655,
    "ronny": 656,
    "stevie": 657,
    "lon": 658,
    "kennith": 659,
    "carmine": 660,
    "augustine": 661,
    "erich": 662,
    "chadwick": 663,
    "wilburn": 664,
    "russ": 665,
    "myles": 666,
    "jonas": 667,
    "mitchel": 668,
    "mervin": 669,
    "zane": 670,
    "jamel": 671,
    "lazaro": 672,
    "alphonse": 673,
    "randell": 674,
    "johnie": 675,
    "jarrett": 676,
    "ariel": 677,
    "abdul": 678,
    "dusty": 679,
    "luciano": 680,
    "seymour": 681,
    "scottie": 682,
    "eugenio": 683,
    "mohammed": 684,
    "arnulfo": 685,
    "lucien": 686,
    "ferdinand": 687,
    "thad": 688,
    "ezra": 689,
    "aldo": 690,
    "rubin": 691,
    "mitch": 692,
    "earle": 693,
    "abe": 694,
    "marquis": 695,
    "lanny": 696,
    "kareem": 697,
    "jamar": 698,
    "boris": 699,
    "isiah": 700,
    "emile": 701,
    "elmo": 702,
    "aron": 703,
    "leopoldo": 704,
    "everette": 705,
    "josef": 706,
    "eloy": 707,
    "dorian": 708,
    "rodrick": 709,
    "reinaldo": 710,
    "lucio": 711,
    "jerrod": 712,
    "weston": 713,
    "hershel": 714,
    "lemuel": 715,
    "lavern": 716,
    "burt": 717,
    "jules": 718,
    "gil": 719,
    "eliseo": 720,
    "ahmad": 721,
    "nigel": 722,
    "efren": 723,
    "antwan": 724,
    "alden": 725,
    "margarito": 726,
    "refugio": 727,
    "dino": 728,
    "osvaldo": 729,
    "les": 730,
    "deandre": 731,
    "normand": 732,
    "kieth": 733,
    "ivory": 734,
    "trey": 735,
    "norberto": 736,
    "napoleon": 737,
    "jerold": 738,
    "fritz": 739,
    "rosendo": 740,
    "milford": 741,
    "sang": 742,
    "deon": 743,
    "christoper": 744,
    "alfonzo": 745,
    "lyman": 746,
    "josiah": 747,
    "brant": 748,
    "wilton": 749,
    "rico": 750,
    "jamaal": 751,
    "dewitt": 752,
    "brenton": 753,
    "yong": 754,
    "olin": 755,
    "faustino": 756,
    "claudio": 757,
    "judson": 758,
    "gino": 759,
    "edgardo": 760,
    "alec": 761,
    "jarred": 762,
    "donn": 763,
    "trinidad": 764,
    "tad": 765,
    "porfirio": 766,
    "odis": 767,
    "lenard": 768,
    "chauncey": 769,
    "tod": 770,
    "mel": 771,
    "marcelo": 772,
    "kory": 773,
    "augustus": 774,
    "keven": 775,
    "hilario": 776,
    "bud": 777,
    "sal": 778,
    "orval": 779,
    "mauro": 780,
    "dannie": 781,
    "zachariah": 782,
    "olen": 783,
    "anibal": 784,
    "milo": 785,
    "jed": 786,
    "thanh": 787,
    "amado": 788,
    "lenny": 789,
    "tory": 790,
    "richie": 791,
    "horacio": 792,
    "brice": 793,
    "mohamed": 794,
    "delmer": 795,
    "dario": 796,
    "mac": 797,
    "jonah": 798,
    "jerrold": 799,
    "robt": 800,
    "hank": 801,
    "sung": 802,
    "rupert": 803,
    "rolland": 804,
    "kenton": 805,
    "damion": 806,
    "chi": 807,
    "antone": 808,
    "waldo": 809,
    "fredric": 810,
    "bradly": 811,
    "kip": 812,
    "burl": 813,
    "tyree": 814,
    "jefferey": 815,
    "ahmed": 816,
    "willy": 817,
    "stanford": 818,
    "oren": 819,
    "moshe": 820,
    "mikel": 821,
    "enoch": 822,
    "brendon": 823,
    "quintin": 824,
    "jamison": 825,
    "florencio": 826,
    "darrick": 827,
    "tobias": 828,
    "minh": 829,
    "hassan": 830,
    "giuseppe": 831,
    "demarcus": 832,
    "cletus": 833,
    "tyrell": 834,
    "lyndon": 835,
    "keenan": 836,
    "werner": 837,
    "theo": 838,
    "geraldo": 839,
    "columbus": 840,
    "chet": 841,
    "bertram": 842,
    "markus": 843,
    "huey": 844,
    "hilton": 845,
    "dwain": 846,
    "donte": 847,
    "tyron": 848,
    "omer": 849,
    "isaias": 850,
    "hipolito": 851,
    "fermin": 852,
    "chung": 853,
    "adalberto": 854,
    "jamey": 855,
    "teodoro": 856,
    "mckinley": 857,
    "maximo": 858,
    "raleigh": 859,
    "lawerence": 860,
    "abram": 861,
    "rashad": 862,
    "emmitt": 863,
    "daron": 864,
    "chong": 865,
    "samual": 866,
    "otha": 867,
    "miquel": 868,
    "eusebio": 869,
    "dong": 870,
    "domenic": 871,
    "darron": 872,
    "wilber": 873,
    "renato": 874,
    "hoyt": 875,
    "haywood": 876,
    "ezekiel": 877,
    "chas": 878,
    "florentino": 879,
    "elroy": 880,
    "clemente": 881,
    "arden": 882,
    "neville": 883,
    "edison": 884,
    "deshawn": 885,
    "carrol": 886,
    "shayne": 887,
    "nathanial": 888,
    "jordon": 889,
    "danilo": 890,
    "claud": 891,
    "sherwood": 892,
    "raymon": 893,
    "rayford": 894,
    "cristobal": 895,
    "ambrose": 896,
    "titus": 897,
    "hyman": 898,
    "felton": 899,
    "ezequiel": 900,
    "erasmo": 901,
    "lonny": 902,
    "milan": 903,
    "lino": 904,
    "jarod": 905,
    "herb": 906,
    "andreas": 907,
    "rhett": 908,
    "jude": 909,
    "douglass": 910,
    "cordell": 911,
    "oswaldo": 912,
    "ellsworth": 913,
    "virgilio": 914,
    "toney": 915,
    "nathanael": 916,
    "benedict": 917,
    "mose": 918,
    "hong": 919,
    "isreal": 920,
    "garret": 921,
    "fausto": 922,
    "arlen": 923,
    "zack": 924,
    "modesto": 925,
    "francesco": 926,
    "manual": 927,
    "gaylord": 928,
    "gaston": 929,
    "filiberto": 930,
    "deangelo": 931,
    "michale": 932,
    "granville": 933,
    "malik": 934,
    "zackary": 935,
    "tuan": 936,
    "nicky": 937,
    "cristopher": 938,
    "antione": 939,
    "malcom": 940,
    "korey": 941,
    "jospeh": 942,
    "colton": 943,
    "waylon": 944,
    "hosea": 945,
    "shad": 946,
    "santo": 947,
    "rudolf": 948,
    "rolf": 949,
    "renaldo": 950,
    "marcellus": 951,
    "lucius": 952,
    "kristofer": 953,
    "harland": 954,
    "arnoldo": 955,
    "rueben": 956,
    "leandro": 957,
    "kraig": 958,
    "jerrell": 959,
    "jeromy": 960,
    "hobert": 961,
    "cedrick": 962,
    "arlie": 963,
    "winford": 964,
    "wally": 965,
    "luigi": 966,
    "keneth": 967,
    "jacinto": 968,
    "graig": 969,
    "franklyn": 970,
    "edmundo": 971,
    "leif": 972,
    "jeramy": 973,
    "willian": 974,
    "vincenzo": 975,
    "shon": 976,
    "michal": 977,
    "lynwood": 978,
    "jere": 979,
    "elden": 980,
    "darell": 981,
    "broderick": 982,
    "alonso": 983
  }
}